SET FOREIGN_KEY_CHECKS = 0;
SET autocommit = 0;

INSERT INTO configuracion_global (id, porcentaje_comision) VALUES (1, 10.00);
INSERT INTO categorias (id, nombre, descripcion, activa) VALUES (1, 'Audio e Iluminación', 'Categoría del sistema', 1);
INSERT INTO categorias (id, nombre, descripcion, activa) VALUES (2, 'Mobiliario', 'Categoría del sistema', 1);
INSERT INTO categorias (id, nombre, descripcion, activa) VALUES (3, 'Alimentos y Bebidas', 'Categoría del sistema', 1);
INSERT INTO categorias (id, nombre, descripcion, activa) VALUES (4, 'Fotografía y Video', 'Categoría del sistema', 1);
INSERT INTO categorias (id, nombre, descripcion, activa) VALUES (5, 'Decoración', 'Categoría del sistema', 1);
INSERT INTO categorias (id, nombre, descripcion, activa) VALUES (6, 'Entretenimiento', 'Categoría del sistema', 1);
INSERT INTO categorias (id, nombre, descripcion, activa) VALUES (7, 'Recintos y Salones', 'Categoría del sistema', 1);
INSERT INTO categorias (id, nombre, descripcion, activa) VALUES (8, 'Personal y Staff', 'Categoría del sistema', 1);
INSERT INTO categorias (id, nombre, descripcion, activa) VALUES (9, 'Repostería y Dulces', 'Categoría del sistema', 1);
INSERT INTO categorias (id, nombre, descripcion, activa) VALUES (10, 'Recuerdos y Souvenirs', 'Categoría del sistema', 1);
INSERT INTO categorias (id, nombre, descripcion, activa) VALUES (11, 'Transporte y Logística', 'Categoría del sistema', 1);
INSERT INTO usuarios (id, rol, nombre, correo, telefono, contrasena_hash) VALUES (1, 'admin', 'Admin Monkey', 'admin@monkey.com', '5550000001', '$2b$10$Ew7PRDD6EJ1gCFL6NuEZo.pHGElcw4VLr7hv87syw1QVTw4KyYpwm');
INSERT INTO usuarios (id, rol, nombre, correo, telefono, contrasena_hash) VALUES (2, 'proveedor', 'Proveedor 2', 'prov2@monkey.com', '5551110002', '$2b$10$Ew7PRDD6EJ1gCFL6NuEZo.pHGElcw4VLr7hv87syw1QVTw4KyYpwm');
INSERT INTO billeteras (proveedor_id, saldo_actual, total_ganado) VALUES (2, 0.00, 0.00);
INSERT INTO usuarios (id, rol, nombre, correo, telefono, contrasena_hash) VALUES (3, 'proveedor', 'Proveedor 3', 'prov3@monkey.com', '5551110003', '$2b$10$Ew7PRDD6EJ1gCFL6NuEZo.pHGElcw4VLr7hv87syw1QVTw4KyYpwm');
INSERT INTO billeteras (proveedor_id, saldo_actual, total_ganado) VALUES (3, 0.00, 0.00);
INSERT INTO usuarios (id, rol, nombre, correo, telefono, contrasena_hash) VALUES (4, 'proveedor', 'Proveedor 4', 'prov4@monkey.com', '5551110004', '$2b$10$Ew7PRDD6EJ1gCFL6NuEZo.pHGElcw4VLr7hv87syw1QVTw4KyYpwm');
INSERT INTO billeteras (proveedor_id, saldo_actual, total_ganado) VALUES (4, 0.00, 0.00);
INSERT INTO usuarios (id, rol, nombre, correo, telefono, contrasena_hash) VALUES (5, 'proveedor', 'Proveedor 5', 'prov5@monkey.com', '5551110005', '$2b$10$Ew7PRDD6EJ1gCFL6NuEZo.pHGElcw4VLr7hv87syw1QVTw4KyYpwm');
INSERT INTO billeteras (proveedor_id, saldo_actual, total_ganado) VALUES (5, 0.00, 0.00);
INSERT INTO usuarios (id, rol, nombre, correo, telefono, contrasena_hash) VALUES (6, 'proveedor', 'Proveedor 6', 'prov6@monkey.com', '5551110006', '$2b$10$Ew7PRDD6EJ1gCFL6NuEZo.pHGElcw4VLr7hv87syw1QVTw4KyYpwm');
INSERT INTO billeteras (proveedor_id, saldo_actual, total_ganado) VALUES (6, 0.00, 0.00);
INSERT INTO usuarios (id, rol, nombre, correo, telefono, contrasena_hash) VALUES (7, 'cliente', 'Carlos Mendoza', 'cliente7@monkey.com', '5552220007', '$2b$10$Ew7PRDD6EJ1gCFL6NuEZo.pHGElcw4VLr7hv87syw1QVTw4KyYpwm');
INSERT INTO direcciones (usuario_id, calle_y_numero, colonia, ciudad, codigo_postal) VALUES (7, 'Av. Principal 7', 'Centro', 'CDMX', '01000');
INSERT INTO usuarios (id, rol, nombre, correo, telefono, contrasena_hash) VALUES (8, 'cliente', 'Valeria Rojas', 'cliente8@monkey.com', '5552220008', '$2b$10$Ew7PRDD6EJ1gCFL6NuEZo.pHGElcw4VLr7hv87syw1QVTw4KyYpwm');
INSERT INTO direcciones (usuario_id, calle_y_numero, colonia, ciudad, codigo_postal) VALUES (8, 'Av. Principal 8', 'Centro', 'CDMX', '01000');
INSERT INTO usuarios (id, rol, nombre, correo, telefono, contrasena_hash) VALUES (9, 'cliente', 'Miguel Ángel Soto', 'cliente9@monkey.com', '5552220009', '$2b$10$Ew7PRDD6EJ1gCFL6NuEZo.pHGElcw4VLr7hv87syw1QVTw4KyYpwm');
INSERT INTO direcciones (usuario_id, calle_y_numero, colonia, ciudad, codigo_postal) VALUES (9, 'Av. Principal 9', 'Centro', 'CDMX', '01000');
INSERT INTO usuarios (id, rol, nombre, correo, telefono, contrasena_hash) VALUES (10, 'cliente', 'Fernanda Ortiz', 'cliente10@monkey.com', '5552220010', '$2b$10$Ew7PRDD6EJ1gCFL6NuEZo.pHGElcw4VLr7hv87syw1QVTw4KyYpwm');
INSERT INTO direcciones (usuario_id, calle_y_numero, colonia, ciudad, codigo_postal) VALUES (10, 'Av. Principal 10', 'Centro', 'CDMX', '01000');
INSERT INTO usuarios (id, rol, nombre, correo, telefono, contrasena_hash) VALUES (11, 'cliente', 'Daniela Castillo', 'cliente11@monkey.com', '5552220011', '$2b$10$Ew7PRDD6EJ1gCFL6NuEZo.pHGElcw4VLr7hv87syw1QVTw4KyYpwm');
INSERT INTO direcciones (usuario_id, calle_y_numero, colonia, ciudad, codigo_postal) VALUES (11, 'Av. Principal 11', 'Centro', 'CDMX', '01000');
INSERT INTO usuarios (id, rol, nombre, correo, telefono, contrasena_hash) VALUES (12, 'cliente', 'Héctor Navarro', 'cliente12@monkey.com', '5552220012', '$2b$10$Ew7PRDD6EJ1gCFL6NuEZo.pHGElcw4VLr7hv87syw1QVTw4KyYpwm');
INSERT INTO direcciones (usuario_id, calle_y_numero, colonia, ciudad, codigo_postal) VALUES (12, 'Av. Principal 12', 'Centro', 'CDMX', '01000');
INSERT INTO usuarios (id, rol, nombre, correo, telefono, contrasena_hash) VALUES (13, 'cliente', 'Sofía Cervantes', 'cliente13@monkey.com', '5552220013', '$2b$10$Ew7PRDD6EJ1gCFL6NuEZo.pHGElcw4VLr7hv87syw1QVTw4KyYpwm');
INSERT INTO direcciones (usuario_id, calle_y_numero, colonia, ciudad, codigo_postal) VALUES (13, 'Av. Principal 13', 'Centro', 'CDMX', '01000');
INSERT INTO usuarios (id, rol, nombre, correo, telefono, contrasena_hash) VALUES (14, 'cliente', 'Alejandro Vega', 'cliente14@monkey.com', '5552220014', '$2b$10$Ew7PRDD6EJ1gCFL6NuEZo.pHGElcw4VLr7hv87syw1QVTw4KyYpwm');
INSERT INTO direcciones (usuario_id, calle_y_numero, colonia, ciudad, codigo_postal) VALUES (14, 'Av. Principal 14', 'Centro', 'CDMX', '01000');
INSERT INTO usuarios (id, rol, nombre, correo, telefono, contrasena_hash) VALUES (15, 'cliente', 'Paola Rangel', 'cliente15@monkey.com', '5552220015', '$2b$10$Ew7PRDD6EJ1gCFL6NuEZo.pHGElcw4VLr7hv87syw1QVTw4KyYpwm');
INSERT INTO direcciones (usuario_id, calle_y_numero, colonia, ciudad, codigo_postal) VALUES (15, 'Av. Principal 15', 'Centro', 'CDMX', '01000');
INSERT INTO usuarios (id, rol, nombre, correo, telefono, contrasena_hash) VALUES (16, 'cliente', 'Ricardo Montes', 'cliente16@monkey.com', '5552220016', '$2b$10$Ew7PRDD6EJ1gCFL6NuEZo.pHGElcw4VLr7hv87syw1QVTw4KyYpwm');
INSERT INTO direcciones (usuario_id, calle_y_numero, colonia, ciudad, codigo_postal) VALUES (16, 'Av. Principal 16', 'Centro', 'CDMX', '01000');
COMMIT;

INSERT INTO productos (id, proveedor_id, titulo, descripcion, precio, stock, imagenes, categoria) VALUES (1, 2, 'Paquete de Máscaras de Luchador (20pz)', 'Descubre la mejor calidad con nuestro Paquete de Máscaras de Luchador (20pz). Diseñado meticulosamente para elevar el nivel de tu evento, este artículo destaca por sus materiales premium y su durabilidad garantizada. Ideal tanto para eventos diurnos como nocturnos, se adapta perfectamente a diversas temáticas. El paquete viene perfectamente sellado y revisado bajo estrictos controles de calidad para que no tengas ningún contratiempo el día de tu celebración. Además, su diseño ergonómico y visualmente atractivo asegura que tus invitados tengan la mejor experiencia posible, convirtiendo un simple detalle en un recuerdo inolvidable. Aprovecha este producto estrella que se ha convertido en el favorito de los organizadores de eventos más exigentes.', 450, 80, '["https://loremflickr.com/800/600/mask,party?lock=3622", "https://loremflickr.com/800/600/mask,party?lock=1097"]', 'Decoración');
INSERT INTO productos (id, proveedor_id, titulo, descripcion, precio, stock, imagenes, categoria) VALUES (2, 6, 'Sombreros Texanos Neón para Batucada (15pz)', 'Descubre la mejor calidad con nuestro Sombreros Texanos Neón para Batucada (15pz). Diseñado meticulosamente para elevar el nivel de tu evento, este artículo destaca por sus materiales premium y su durabilidad garantizada. Ideal tanto para eventos diurnos como nocturnos, se adapta perfectamente a diversas temáticas. El paquete viene perfectamente sellado y revisado bajo estrictos controles de calidad para que no tengas ningún contratiempo el día de tu celebración. Además, su diseño ergonómico y visualmente atractivo asegura que tus invitados tengan la mejor experiencia posible, convirtiendo un simple detalle en un recuerdo inolvidable. Aprovecha este producto estrella que se ha convertido en el favorito de los organizadores de eventos más exigentes.', 600, 79, '["https://loremflickr.com/800/600/hat,neon?lock=8662", "https://loremflickr.com/800/600/hat,neon?lock=6798"]', 'Decoración');
INSERT INTO productos (id, proveedor_id, titulo, descripcion, precio, stock, imagenes, categoria) VALUES (3, 6, 'Lentes LED Luminosos de Colores (50pz)', 'Descubre la mejor calidad con nuestro Lentes LED Luminosos de Colores (50pz). Diseñado meticulosamente para elevar el nivel de tu evento, este artículo destaca por sus materiales premium y su durabilidad garantizada. Ideal tanto para eventos diurnos como nocturnos, se adapta perfectamente a diversas temáticas. El paquete viene perfectamente sellado y revisado bajo estrictos controles de calidad para que no tengas ningún contratiempo el día de tu celebración. Además, su diseño ergonómico y visualmente atractivo asegura que tus invitados tengan la mejor experiencia posible, convirtiendo un simple detalle en un recuerdo inolvidable. Aprovecha este producto estrella que se ha convertido en el favorito de los organizadores de eventos más exigentes.', 750, 25, '["https://loremflickr.com/800/600/led,glasses?lock=2862", "https://loremflickr.com/800/600/led,glasses?lock=2117"]', 'Decoración');
INSERT INTO productos (id, proveedor_id, titulo, descripcion, precio, stock, imagenes, categoria) VALUES (4, 6, 'Corbatas y Moños Luminosos (20pz)', 'Descubre la mejor calidad con nuestro Corbatas y Moños Luminosos (20pz). Diseñado meticulosamente para elevar el nivel de tu evento, este artículo destaca por sus materiales premium y su durabilidad garantizada. Ideal tanto para eventos diurnos como nocturnos, se adapta perfectamente a diversas temáticas. El paquete viene perfectamente sellado y revisado bajo estrictos controles de calidad para que no tengas ningún contratiempo el día de tu celebración. Además, su diseño ergonómico y visualmente atractivo asegura que tus invitados tengan la mejor experiencia posible, convirtiendo un simple detalle en un recuerdo inolvidable. Aprovecha este producto estrella que se ha convertido en el favorito de los organizadores de eventos más exigentes.', 500, 44, '["https://loremflickr.com/800/600/bowtie,neon?lock=9613", "https://loremflickr.com/800/600/bowtie,neon?lock=3810"]', 'Decoración');
INSERT INTO productos (id, proveedor_id, titulo, descripcion, precio, stock, imagenes, categoria) VALUES (5, 5, 'Antifaces Venecianos Elegantes (30pz)', 'Descubre la mejor calidad con nuestro Antifaces Venecianos Elegantes (30pz). Diseñado meticulosamente para elevar el nivel de tu evento, este artículo destaca por sus materiales premium y su durabilidad garantizada. Ideal tanto para eventos diurnos como nocturnos, se adapta perfectamente a diversas temáticas. El paquete viene perfectamente sellado y revisado bajo estrictos controles de calidad para que no tengas ningún contratiempo el día de tu celebración. Además, su diseño ergonómico y visualmente atractivo asegura que tus invitados tengan la mejor experiencia posible, convirtiendo un simple detalle en un recuerdo inolvidable. Aprovecha este producto estrella que se ha convertido en el favorito de los organizadores de eventos más exigentes.', 850, 42, '["https://loremflickr.com/800/600/venetian,mask?lock=9995", "https://loremflickr.com/800/600/venetian,mask?lock=7108"]', 'Decoración');
INSERT INTO productos (id, proveedor_id, titulo, descripcion, precio, stock, imagenes, categoria) VALUES (6, 6, 'Tubos de Espuma LED para Concierto (50pz)', 'Descubre la mejor calidad con nuestro Tubos de Espuma LED para Concierto (50pz). Diseñado meticulosamente para elevar el nivel de tu evento, este artículo destaca por sus materiales premium y su durabilidad garantizada. Ideal tanto para eventos diurnos como nocturnos, se adapta perfectamente a diversas temáticas. El paquete viene perfectamente sellado y revisado bajo estrictos controles de calidad para que no tengas ningún contratiempo el día de tu celebración. Además, su diseño ergonómico y visualmente atractivo asegura que tus invitados tengan la mejor experiencia posible, convirtiendo un simple detalle en un recuerdo inolvidable. Aprovecha este producto estrella que se ha convertido en el favorito de los organizadores de eventos más exigentes.', 650, 51, '["https://loremflickr.com/800/600/glowstick,party?lock=5490", "https://loremflickr.com/800/600/glowstick,party?lock=2885"]', 'Decoración');
INSERT INTO productos (id, proveedor_id, titulo, descripcion, precio, stock, imagenes, categoria) VALUES (7, 5, 'Paquete de Mechudos Metálicos (40pz)', 'Descubre la mejor calidad con nuestro Paquete de Mechudos Metálicos (40pz). Diseñado meticulosamente para elevar el nivel de tu evento, este artículo destaca por sus materiales premium y su durabilidad garantizada. Ideal tanto para eventos diurnos como nocturnos, se adapta perfectamente a diversas temáticas. El paquete viene perfectamente sellado y revisado bajo estrictos controles de calidad para que no tengas ningún contratiempo el día de tu celebración. Además, su diseño ergonómico y visualmente atractivo asegura que tus invitados tengan la mejor experiencia posible, convirtiendo un simple detalle en un recuerdo inolvidable. Aprovecha este producto estrella que se ha convertido en el favorito de los organizadores de eventos más exigentes.', 300, 49, '["https://loremflickr.com/800/600/pompons,party?lock=8819", "https://loremflickr.com/800/600/pompons,party?lock=7713"]', 'Decoración');
INSERT INTO productos (id, proveedor_id, titulo, descripcion, precio, stock, imagenes, categoria) VALUES (8, 4, 'Globos Salchicha para Moldear (100pz)', 'Descubre la mejor calidad con nuestro Globos Salchicha para Moldear (100pz). Diseñado meticulosamente para elevar el nivel de tu evento, este artículo destaca por sus materiales premium y su durabilidad garantizada. Ideal tanto para eventos diurnos como nocturnos, se adapta perfectamente a diversas temáticas. El paquete viene perfectamente sellado y revisado bajo estrictos controles de calidad para que no tengas ningún contratiempo el día de tu celebración. Además, su diseño ergonómico y visualmente atractivo asegura que tus invitados tengan la mejor experiencia posible, convirtiendo un simple detalle en un recuerdo inolvidable. Aprovecha este producto estrella que se ha convertido en el favorito de los organizadores de eventos más exigentes.', 150, 79, '["https://loremflickr.com/800/600/balloons,colors?lock=5835", "https://loremflickr.com/800/600/balloons,colors?lock=4349"]', 'Decoración');
INSERT INTO productos (id, proveedor_id, titulo, descripcion, precio, stock, imagenes, categoria) VALUES (9, 2, 'Diademas de Luces (Orejas y Cuernos) (30pz)', 'Descubre la mejor calidad con nuestro Diademas de Luces (Orejas y Cuernos) (30pz). Diseñado meticulosamente para elevar el nivel de tu evento, este artículo destaca por sus materiales premium y su durabilidad garantizada. Ideal tanto para eventos diurnos como nocturnos, se adapta perfectamente a diversas temáticas. El paquete viene perfectamente sellado y revisado bajo estrictos controles de calidad para que no tengas ningún contratiempo el día de tu celebración. Además, su diseño ergonómico y visualmente atractivo asegura que tus invitados tengan la mejor experiencia posible, convirtiendo un simple detalle en un recuerdo inolvidable. Aprovecha este producto estrella que se ha convertido en el favorito de los organizadores de eventos más exigentes.', 450, 70, '["https://loremflickr.com/800/600/headband,led?lock=3128", "https://loremflickr.com/800/600/headband,led?lock=4486"]', 'Decoración');
INSERT INTO productos (id, proveedor_id, titulo, descripcion, precio, stock, imagenes, categoria) VALUES (10, 2, 'Cañones de Confeti Metálico Grandes (10pz)', 'Descubre la mejor calidad con nuestro Cañones de Confeti Metálico Grandes (10pz). Diseñado meticulosamente para elevar el nivel de tu evento, este artículo destaca por sus materiales premium y su durabilidad garantizada. Ideal tanto para eventos diurnos como nocturnos, se adapta perfectamente a diversas temáticas. El paquete viene perfectamente sellado y revisado bajo estrictos controles de calidad para que no tengas ningún contratiempo el día de tu celebración. Además, su diseño ergonómico y visualmente atractivo asegura que tus invitados tengan la mejor experiencia posible, convirtiendo un simple detalle en un recuerdo inolvidable. Aprovecha este producto estrella que se ha convertido en el favorito de los organizadores de eventos más exigentes.', 800, 74, '["https://loremflickr.com/800/600/confetti,celebration?lock=2541", "https://loremflickr.com/800/600/confetti,celebration?lock=1632"]', 'Decoración');
INSERT INTO productos (id, proveedor_id, titulo, descripcion, precio, stock, imagenes, categoria) VALUES (11, 3, 'Kit Arco de Globos Orgánico (150 globos)', 'Descubre la mejor calidad con nuestro Kit Arco de Globos Orgánico (150 globos). Diseñado meticulosamente para elevar el nivel de tu evento, este artículo destaca por sus materiales premium y su durabilidad garantizada. Ideal tanto para eventos diurnos como nocturnos, se adapta perfectamente a diversas temáticas. El paquete viene perfectamente sellado y revisado bajo estrictos controles de calidad para que no tengas ningún contratiempo el día de tu celebración. Además, su diseño ergonómico y visualmente atractivo asegura que tus invitados tengan la mejor experiencia posible, convirtiendo un simple detalle en un recuerdo inolvidable. Aprovecha este producto estrella que se ha convertido en el favorito de los organizadores de eventos más exigentes.', 350, 48, '["https://loremflickr.com/800/600/balloons,arch?lock=4677", "https://loremflickr.com/800/600/balloons,arch?lock=7605"]', 'Decoración');
INSERT INTO productos (id, proveedor_id, titulo, descripcion, precio, stock, imagenes, categoria) VALUES (12, 2, 'Centros de Mesa Florales Artificiales (10pz)', 'Descubre la mejor calidad con nuestro Centros de Mesa Florales Artificiales (10pz). Diseñado meticulosamente para elevar el nivel de tu evento, este artículo destaca por sus materiales premium y su durabilidad garantizada. Ideal tanto para eventos diurnos como nocturnos, se adapta perfectamente a diversas temáticas. El paquete viene perfectamente sellado y revisado bajo estrictos controles de calidad para que no tengas ningún contratiempo el día de tu celebración. Además, su diseño ergonómico y visualmente atractivo asegura que tus invitados tengan la mejor experiencia posible, convirtiendo un simple detalle en un recuerdo inolvidable. Aprovecha este producto estrella que se ha convertido en el favorito de los organizadores de eventos más exigentes.', 1200, 34, '["https://loremflickr.com/800/600/centerpiece,flowers?lock=3289", "https://loremflickr.com/800/600/centerpiece,flowers?lock=9089"]', 'Decoración');
INSERT INTO productos (id, proveedor_id, titulo, descripcion, precio, stock, imagenes, categoria) VALUES (13, 3, 'Letras Gigantes MDF \'LOVE\' (Venta)', 'Descubre la mejor calidad con nuestro Letras Gigantes MDF \'LOVE\' (Venta). Diseñado meticulosamente para elevar el nivel de tu evento, este artículo destaca por sus materiales premium y su durabilidad garantizada. Ideal tanto para eventos diurnos como nocturnos, se adapta perfectamente a diversas temáticas. El paquete viene perfectamente sellado y revisado bajo estrictos controles de calidad para que no tengas ningún contratiempo el día de tu celebración. Además, su diseño ergonómico y visualmente atractivo asegura que tus invitados tengan la mejor experiencia posible, convirtiendo un simple detalle en un recuerdo inolvidable. Aprovecha este producto estrella que se ha convertido en el favorito de los organizadores de eventos más exigentes.', 2500, 28, '["https://loremflickr.com/800/600/letters,love?lock=8535", "https://loremflickr.com/800/600/letters,love?lock=7179"]', 'Decoración');
INSERT INTO productos (id, proveedor_id, titulo, descripcion, precio, stock, imagenes, categoria) VALUES (14, 6, 'Cortina de Luces LED Cascada (3x3m)', 'Descubre la mejor calidad con nuestro Cortina de Luces LED Cascada (3x3m). Diseñado meticulosamente para elevar el nivel de tu evento, este artículo destaca por sus materiales premium y su durabilidad garantizada. Ideal tanto para eventos diurnos como nocturnos, se adapta perfectamente a diversas temáticas. El paquete viene perfectamente sellado y revisado bajo estrictos controles de calidad para que no tengas ningún contratiempo el día de tu celebración. Además, su diseño ergonómico y visualmente atractivo asegura que tus invitados tengan la mejor experiencia posible, convirtiendo un simple detalle en un recuerdo inolvidable. Aprovecha este producto estrella que se ha convertido en el favorito de los organizadores de eventos más exigentes.', 400, 26, '["https://loremflickr.com/800/600/fairylights,decor?lock=290", "https://loremflickr.com/800/600/fairylights,decor?lock=8800"]', 'Decoración');
INSERT INTO productos (id, proveedor_id, titulo, descripcion, precio, stock, imagenes, categoria) VALUES (15, 4, 'Caminos de Mesa de Lentejuela (10pz)', 'Descubre la mejor calidad con nuestro Caminos de Mesa de Lentejuela (10pz). Diseñado meticulosamente para elevar el nivel de tu evento, este artículo destaca por sus materiales premium y su durabilidad garantizada. Ideal tanto para eventos diurnos como nocturnos, se adapta perfectamente a diversas temáticas. El paquete viene perfectamente sellado y revisado bajo estrictos controles de calidad para que no tengas ningún contratiempo el día de tu celebración. Además, su diseño ergonómico y visualmente atractivo asegura que tus invitados tengan la mejor experiencia posible, convirtiendo un simple detalle en un recuerdo inolvidable. Aprovecha este producto estrella que se ha convertido en el favorito de los organizadores de eventos más exigentes.', 850, 35, '["https://loremflickr.com/800/600/tablecloth,sequin?lock=221", "https://loremflickr.com/800/600/tablecloth,sequin?lock=8889"]', 'Decoración');
INSERT INTO productos (id, proveedor_id, titulo, descripcion, precio, stock, imagenes, categoria) VALUES (16, 2, 'Velas Flotantes para Centros de Mesa (50pz)', 'Descubre la mejor calidad con nuestro Velas Flotantes para Centros de Mesa (50pz). Diseñado meticulosamente para elevar el nivel de tu evento, este artículo destaca por sus materiales premium y su durabilidad garantizada. Ideal tanto para eventos diurnos como nocturnos, se adapta perfectamente a diversas temáticas. El paquete viene perfectamente sellado y revisado bajo estrictos controles de calidad para que no tengas ningún contratiempo el día de tu celebración. Además, su diseño ergonómico y visualmente atractivo asegura que tus invitados tengan la mejor experiencia posible, convirtiendo un simple detalle en un recuerdo inolvidable. Aprovecha este producto estrella que se ha convertido en el favorito de los organizadores de eventos más exigentes.', 250, 86, '["https://loremflickr.com/800/600/candles,water?lock=8556", "https://loremflickr.com/800/600/candles,water?lock=6423"]', 'Decoración');
INSERT INTO productos (id, proveedor_id, titulo, descripcion, precio, stock, imagenes, categoria) VALUES (17, 3, 'Tanque de Helio Desechable con 30 Globos', 'Descubre la mejor calidad con nuestro Tanque de Helio Desechable con 30 Globos. Diseñado meticulosamente para elevar el nivel de tu evento, este artículo destaca por sus materiales premium y su durabilidad garantizada. Ideal tanto para eventos diurnos como nocturnos, se adapta perfectamente a diversas temáticas. El paquete viene perfectamente sellado y revisado bajo estrictos controles de calidad para que no tengas ningún contratiempo el día de tu celebración. Además, su diseño ergonómico y visualmente atractivo asegura que tus invitados tengan la mejor experiencia posible, convirtiendo un simple detalle en un recuerdo inolvidable. Aprovecha este producto estrella que se ha convertido en el favorito de los organizadores de eventos más exigentes.', 1100, 64, '["https://loremflickr.com/800/600/helium,balloons?lock=4347", "https://loremflickr.com/800/600/helium,balloons?lock=1935"]', 'Decoración');
INSERT INTO productos (id, proveedor_id, titulo, descripcion, precio, stock, imagenes, categoria) VALUES (18, 5, 'Pizarra Vintage de Bienvenida con Caballete', 'Descubre la mejor calidad con nuestro Pizarra Vintage de Bienvenida con Caballete. Diseñado meticulosamente para elevar el nivel de tu evento, este artículo destaca por sus materiales premium y su durabilidad garantizada. Ideal tanto para eventos diurnos como nocturnos, se adapta perfectamente a diversas temáticas. El paquete viene perfectamente sellado y revisado bajo estrictos controles de calidad para que no tengas ningún contratiempo el día de tu celebración. Además, su diseño ergonómico y visualmente atractivo asegura que tus invitados tengan la mejor experiencia posible, convirtiendo un simple detalle en un recuerdo inolvidable. Aprovecha este producto estrella que se ha convertido en el favorito de los organizadores de eventos más exigentes.', 650, 35, '["https://loremflickr.com/800/600/chalkboard,welcome?lock=7978", "https://loremflickr.com/800/600/chalkboard,welcome?lock=184"]', 'Decoración');
INSERT INTO productos (id, proveedor_id, titulo, descripcion, precio, stock, imagenes, categoria) VALUES (19, 5, 'Faroles de Papel Blancos (Linternas) (20pz)', 'Descubre la mejor calidad con nuestro Faroles de Papel Blancos (Linternas) (20pz). Diseñado meticulosamente para elevar el nivel de tu evento, este artículo destaca por sus materiales premium y su durabilidad garantizada. Ideal tanto para eventos diurnos como nocturnos, se adapta perfectamente a diversas temáticas. El paquete viene perfectamente sellado y revisado bajo estrictos controles de calidad para que no tengas ningún contratiempo el día de tu celebración. Además, su diseño ergonómico y visualmente atractivo asegura que tus invitados tengan la mejor experiencia posible, convirtiendo un simple detalle en un recuerdo inolvidable. Aprovecha este producto estrella que se ha convertido en el favorito de los organizadores de eventos más exigentes.', 300, 97, '["https://loremflickr.com/800/600/paperlantern,decor?lock=9098", "https://loremflickr.com/800/600/paperlantern,decor?lock=6827"]', 'Decoración');
INSERT INTO productos (id, proveedor_id, titulo, descripcion, precio, stock, imagenes, categoria) VALUES (20, 6, 'Rollo de Alfombra Roja para Eventos (10m)', 'Descubre la mejor calidad con nuestro Rollo de Alfombra Roja para Eventos (10m). Diseñado meticulosamente para elevar el nivel de tu evento, este artículo destaca por sus materiales premium y su durabilidad garantizada. Ideal tanto para eventos diurnos como nocturnos, se adapta perfectamente a diversas temáticas. El paquete viene perfectamente sellado y revisado bajo estrictos controles de calidad para que no tengas ningún contratiempo el día de tu celebración. Además, su diseño ergonómico y visualmente atractivo asegura que tus invitados tengan la mejor experiencia posible, convirtiendo un simple detalle en un recuerdo inolvidable. Aprovecha este producto estrella que se ha convertido en el favorito de los organizadores de eventos más exigentes.', 900, 10, '["https://loremflickr.com/800/600/redcarpet,event?lock=1830", "https://loremflickr.com/800/600/redcarpet,event?lock=6895"]', 'Decoración');
INSERT INTO productos (id, proveedor_id, titulo, descripcion, precio, stock, imagenes, categoria) VALUES (21, 6, 'Pastel de Fondant Temático (3 Pisos)', 'Descubre la mejor calidad con nuestro Pastel de Fondant Temático (3 Pisos). Diseñado meticulosamente para elevar el nivel de tu evento, este artículo destaca por sus materiales premium y su durabilidad garantizada. Ideal tanto para eventos diurnos como nocturnos, se adapta perfectamente a diversas temáticas. El paquete viene perfectamente sellado y revisado bajo estrictos controles de calidad para que no tengas ningún contratiempo el día de tu celebración. Además, su diseño ergonómico y visualmente atractivo asegura que tus invitados tengan la mejor experiencia posible, convirtiendo un simple detalle en un recuerdo inolvidable. Aprovecha este producto estrella que se ha convertido en el favorito de los organizadores de eventos más exigentes.', 1500, 92, '["https://loremflickr.com/800/600/fondant,cake?lock=4339", "https://loremflickr.com/800/600/fondant,cake?lock=9796"]', 'Repostería y Dulces');
INSERT INTO productos (id, proveedor_id, titulo, descripcion, precio, stock, imagenes, categoria) VALUES (22, 3, 'Caja de Cupcakes Personalizados (24pz)', 'Descubre la mejor calidad con nuestro Caja de Cupcakes Personalizados (24pz). Diseñado meticulosamente para elevar el nivel de tu evento, este artículo destaca por sus materiales premium y su durabilidad garantizada. Ideal tanto para eventos diurnos como nocturnos, se adapta perfectamente a diversas temáticas. El paquete viene perfectamente sellado y revisado bajo estrictos controles de calidad para que no tengas ningún contratiempo el día de tu celebración. Además, su diseño ergonómico y visualmente atractivo asegura que tus invitados tengan la mejor experiencia posible, convirtiendo un simple detalle en un recuerdo inolvidable. Aprovecha este producto estrella que se ha convertido en el favorito de los organizadores de eventos más exigentes.', 650, 96, '["https://loremflickr.com/800/600/cupcakes,dessert?lock=3129", "https://loremflickr.com/800/600/cupcakes,dessert?lock=6210"]', 'Repostería y Dulces');
INSERT INTO productos (id, proveedor_id, titulo, descripcion, precio, stock, imagenes, categoria) VALUES (23, 3, 'Galletas de Mantequilla Decoradas (50pz)', 'Descubre la mejor calidad con nuestro Galletas de Mantequilla Decoradas (50pz). Diseñado meticulosamente para elevar el nivel de tu evento, este artículo destaca por sus materiales premium y su durabilidad garantizada. Ideal tanto para eventos diurnos como nocturnos, se adapta perfectamente a diversas temáticas. El paquete viene perfectamente sellado y revisado bajo estrictos controles de calidad para que no tengas ningún contratiempo el día de tu celebración. Además, su diseño ergonómico y visualmente atractivo asegura que tus invitados tengan la mejor experiencia posible, convirtiendo un simple detalle en un recuerdo inolvidable. Aprovecha este producto estrella que se ha convertido en el favorito de los organizadores de eventos más exigentes.', 700, 21, '["https://loremflickr.com/800/600/cookies,decorated?lock=8859", "https://loremflickr.com/800/600/cookies,decorated?lock=1099"]', 'Repostería y Dulces');
INSERT INTO productos (id, proveedor_id, titulo, descripcion, precio, stock, imagenes, categoria) VALUES (24, 2, 'Torre de Macarons Franceses (40pz)', 'Descubre la mejor calidad con nuestro Torre de Macarons Franceses (40pz). Diseñado meticulosamente para elevar el nivel de tu evento, este artículo destaca por sus materiales premium y su durabilidad garantizada. Ideal tanto para eventos diurnos como nocturnos, se adapta perfectamente a diversas temáticas. El paquete viene perfectamente sellado y revisado bajo estrictos controles de calidad para que no tengas ningún contratiempo el día de tu celebración. Además, su diseño ergonómico y visualmente atractivo asegura que tus invitados tengan la mejor experiencia posible, convirtiendo un simple detalle en un recuerdo inolvidable. Aprovecha este producto estrella que se ha convertido en el favorito de los organizadores de eventos más exigentes.', 1200, 16, '["https://loremflickr.com/800/600/macarons,tower?lock=2127", "https://loremflickr.com/800/600/macarons,tower?lock=6974"]', 'Repostería y Dulces');
INSERT INTO productos (id, proveedor_id, titulo, descripcion, precio, stock, imagenes, categoria) VALUES (25, 5, 'Fuente de Chocolate con Insumos', 'Descubre la mejor calidad con nuestro Fuente de Chocolate con Insumos. Diseñado meticulosamente para elevar el nivel de tu evento, este artículo destaca por sus materiales premium y su durabilidad garantizada. Ideal tanto para eventos diurnos como nocturnos, se adapta perfectamente a diversas temáticas. El paquete viene perfectamente sellado y revisado bajo estrictos controles de calidad para que no tengas ningún contratiempo el día de tu celebración. Además, su diseño ergonómico y visualmente atractivo asegura que tus invitados tengan la mejor experiencia posible, convirtiendo un simple detalle en un recuerdo inolvidable. Aprovecha este producto estrella que se ha convertido en el favorito de los organizadores de eventos más exigentes.', 1800, 78, '["https://loremflickr.com/800/600/chocolatefountain?lock=4251", "https://loremflickr.com/800/600/chocolatefountain?lock=3476"]', 'Repostería y Dulces');
INSERT INTO productos (id, proveedor_id, titulo, descripcion, precio, stock, imagenes, categoria) VALUES (26, 3, 'Kit Dulces a Granel para Mesa de Postres', 'Descubre la mejor calidad con nuestro Kit Dulces a Granel para Mesa de Postres. Diseñado meticulosamente para elevar el nivel de tu evento, este artículo destaca por sus materiales premium y su durabilidad garantizada. Ideal tanto para eventos diurnos como nocturnos, se adapta perfectamente a diversas temáticas. El paquete viene perfectamente sellado y revisado bajo estrictos controles de calidad para que no tengas ningún contratiempo el día de tu celebración. Además, su diseño ergonómico y visualmente atractivo asegura que tus invitados tengan la mejor experiencia posible, convirtiendo un simple detalle en un recuerdo inolvidable. Aprovecha este producto estrella que se ha convertido en el favorito de los organizadores de eventos más exigentes.', 950, 61, '["https://loremflickr.com/800/600/candytable,sweets?lock=4811", "https://loremflickr.com/800/600/candytable,sweets?lock=7125"]', 'Repostería y Dulces');
INSERT INTO productos (id, proveedor_id, titulo, descripcion, precio, stock, imagenes, categoria) VALUES (27, 3, 'Paletas de Hielo Artesanales (50pz)', 'Descubre la mejor calidad con nuestro Paletas de Hielo Artesanales (50pz). Diseñado meticulosamente para elevar el nivel de tu evento, este artículo destaca por sus materiales premium y su durabilidad garantizada. Ideal tanto para eventos diurnos como nocturnos, se adapta perfectamente a diversas temáticas. El paquete viene perfectamente sellado y revisado bajo estrictos controles de calidad para que no tengas ningún contratiempo el día de tu celebración. Además, su diseño ergonómico y visualmente atractivo asegura que tus invitados tengan la mejor experiencia posible, convirtiendo un simple detalle en un recuerdo inolvidable. Aprovecha este producto estrella que se ha convertido en el favorito de los organizadores de eventos más exigentes.', 800, 68, '["https://loremflickr.com/800/600/popsicles,ice?lock=4744", "https://loremflickr.com/800/600/popsicles,ice?lock=4539"]', 'Repostería y Dulces');
INSERT INTO productos (id, proveedor_id, titulo, descripcion, precio, stock, imagenes, categoria) VALUES (28, 2, 'Bolsas de Algodón de Azúcar (40pz)', 'Descubre la mejor calidad con nuestro Bolsas de Algodón de Azúcar (40pz). Diseñado meticulosamente para elevar el nivel de tu evento, este artículo destaca por sus materiales premium y su durabilidad garantizada. Ideal tanto para eventos diurnos como nocturnos, se adapta perfectamente a diversas temáticas. El paquete viene perfectamente sellado y revisado bajo estrictos controles de calidad para que no tengas ningún contratiempo el día de tu celebración. Además, su diseño ergonómico y visualmente atractivo asegura que tus invitados tengan la mejor experiencia posible, convirtiendo un simple detalle en un recuerdo inolvidable. Aprovecha este producto estrella que se ha convertido en el favorito de los organizadores de eventos más exigentes.', 450, 21, '["https://loremflickr.com/800/600/cottoncandy?lock=2884", "https://loremflickr.com/800/600/cottoncandy?lock=4657"]', 'Repostería y Dulces');
INSERT INTO productos (id, proveedor_id, titulo, descripcion, precio, stock, imagenes, categoria) VALUES (29, 2, 'Manzanas Cubiertas de Chamoy y Tamarindo (20pz)', 'Descubre la mejor calidad con nuestro Manzanas Cubiertas de Chamoy y Tamarindo (20pz). Diseñado meticulosamente para elevar el nivel de tu evento, este artículo destaca por sus materiales premium y su durabilidad garantizada. Ideal tanto para eventos diurnos como nocturnos, se adapta perfectamente a diversas temáticas. El paquete viene perfectamente sellado y revisado bajo estrictos controles de calidad para que no tengas ningún contratiempo el día de tu celebración. Además, su diseño ergonómico y visualmente atractivo asegura que tus invitados tengan la mejor experiencia posible, convirtiendo un simple detalle en un recuerdo inolvidable. Aprovecha este producto estrella que se ha convertido en el favorito de los organizadores de eventos más exigentes.', 550, 60, '["https://loremflickr.com/800/600/apples,chamoy?lock=3215", "https://loremflickr.com/800/600/apples,chamoy?lock=83"]', 'Repostería y Dulces');
INSERT INTO productos (id, proveedor_id, titulo, descripcion, precio, stock, imagenes, categoria) VALUES (30, 3, 'Muro de Donas Glaseadas con Soporte (30pz)', 'Descubre la mejor calidad con nuestro Muro de Donas Glaseadas con Soporte (30pz). Diseñado meticulosamente para elevar el nivel de tu evento, este artículo destaca por sus materiales premium y su durabilidad garantizada. Ideal tanto para eventos diurnos como nocturnos, se adapta perfectamente a diversas temáticas. El paquete viene perfectamente sellado y revisado bajo estrictos controles de calidad para que no tengas ningún contratiempo el día de tu celebración. Además, su diseño ergonómico y visualmente atractivo asegura que tus invitados tengan la mejor experiencia posible, convirtiendo un simple detalle en un recuerdo inolvidable. Aprovecha este producto estrella que se ha convertido en el favorito de los organizadores de eventos más exigentes.', 850, 95, '["https://loremflickr.com/800/600/donuts,wall?lock=9558", "https://loremflickr.com/800/600/donuts,wall?lock=6982"]', 'Repostería y Dulces');
INSERT INTO productos (id, proveedor_id, titulo, descripcion, precio, stock, imagenes, categoria) VALUES (31, 2, 'Termos Personalizados Grabados (20pz)', 'Descubre la mejor calidad con nuestro Termos Personalizados Grabados (20pz). Diseñado meticulosamente para elevar el nivel de tu evento, este artículo destaca por sus materiales premium y su durabilidad garantizada. Ideal tanto para eventos diurnos como nocturnos, se adapta perfectamente a diversas temáticas. El paquete viene perfectamente sellado y revisado bajo estrictos controles de calidad para que no tengas ningún contratiempo el día de tu celebración. Además, su diseño ergonómico y visualmente atractivo asegura que tus invitados tengan la mejor experiencia posible, convirtiendo un simple detalle en un recuerdo inolvidable. Aprovecha este producto estrella que se ha convertido en el favorito de los organizadores de eventos más exigentes.', 1800, 19, '["https://loremflickr.com/800/600/thermos,gift?lock=1614", "https://loremflickr.com/800/600/thermos,gift?lock=1607"]', 'Recuerdos y Souvenirs');
INSERT INTO productos (id, proveedor_id, titulo, descripcion, precio, stock, imagenes, categoria) VALUES (32, 5, 'Pantuflas Blancas Bordadas (50 pares)', 'Descubre la mejor calidad con nuestro Pantuflas Blancas Bordadas (50 pares). Diseñado meticulosamente para elevar el nivel de tu evento, este artículo destaca por sus materiales premium y su durabilidad garantizada. Ideal tanto para eventos diurnos como nocturnos, se adapta perfectamente a diversas temáticas. El paquete viene perfectamente sellado y revisado bajo estrictos controles de calidad para que no tengas ningún contratiempo el día de tu celebración. Además, su diseño ergonómico y visualmente atractivo asegura que tus invitados tengan la mejor experiencia posible, convirtiendo un simple detalle en un recuerdo inolvidable. Aprovecha este producto estrella que se ha convertido en el favorito de los organizadores de eventos más exigentes.', 1500, 63, '["https://loremflickr.com/800/600/slippers,wedding?lock=780", "https://loremflickr.com/800/600/slippers,wedding?lock=5460"]', 'Recuerdos y Souvenirs');
INSERT INTO productos (id, proveedor_id, titulo, descripcion, precio, stock, imagenes, categoria) VALUES (33, 5, 'Mini Suculentas en Maceta (30pz)', 'Descubre la mejor calidad con nuestro Mini Suculentas en Maceta (30pz). Diseñado meticulosamente para elevar el nivel de tu evento, este artículo destaca por sus materiales premium y su durabilidad garantizada. Ideal tanto para eventos diurnos como nocturnos, se adapta perfectamente a diversas temáticas. El paquete viene perfectamente sellado y revisado bajo estrictos controles de calidad para que no tengas ningún contratiempo el día de tu celebración. Además, su diseño ergonómico y visualmente atractivo asegura que tus invitados tengan la mejor experiencia posible, convirtiendo un simple detalle en un recuerdo inolvidable. Aprovecha este producto estrella que se ha convertido en el favorito de los organizadores de eventos más exigentes.', 1200, 10, '["https://loremflickr.com/800/600/succulents,wedding?lock=213", "https://loremflickr.com/800/600/succulents,wedding?lock=4038"]', 'Recuerdos y Souvenirs');
INSERT INTO productos (id, proveedor_id, titulo, descripcion, precio, stock, imagenes, categoria) VALUES (34, 3, 'Llaveros de Madera Grabados (50pz)', 'Descubre la mejor calidad con nuestro Llaveros de Madera Grabados (50pz). Diseñado meticulosamente para elevar el nivel de tu evento, este artículo destaca por sus materiales premium y su durabilidad garantizada. Ideal tanto para eventos diurnos como nocturnos, se adapta perfectamente a diversas temáticas. El paquete viene perfectamente sellado y revisado bajo estrictos controles de calidad para que no tengas ningún contratiempo el día de tu celebración. Además, su diseño ergonómico y visualmente atractivo asegura que tus invitados tengan la mejor experiencia posible, convirtiendo un simple detalle en un recuerdo inolvidable. Aprovecha este producto estrella que se ha convertido en el favorito de los organizadores de eventos más exigentes.', 800, 78, '["https://loremflickr.com/800/600/keychain,wood?lock=9255", "https://loremflickr.com/800/600/keychain,wood?lock=820"]', 'Recuerdos y Souvenirs');
INSERT INTO productos (id, proveedor_id, titulo, descripcion, precio, stock, imagenes, categoria) VALUES (35, 3, 'Abanicos de Bambú y Tela (50pz)', 'Descubre la mejor calidad con nuestro Abanicos de Bambú y Tela (50pz). Diseñado meticulosamente para elevar el nivel de tu evento, este artículo destaca por sus materiales premium y su durabilidad garantizada. Ideal tanto para eventos diurnos como nocturnos, se adapta perfectamente a diversas temáticas. El paquete viene perfectamente sellado y revisado bajo estrictos controles de calidad para que no tengas ningún contratiempo el día de tu celebración. Además, su diseño ergonómico y visualmente atractivo asegura que tus invitados tengan la mejor experiencia posible, convirtiendo un simple detalle en un recuerdo inolvidable. Aprovecha este producto estrella que se ha convertido en el favorito de los organizadores de eventos más exigentes.', 900, 53, '["https://loremflickr.com/800/600/fans,bamboo?lock=4257", "https://loremflickr.com/800/600/fans,bamboo?lock=3867"]', 'Recuerdos y Souvenirs');
INSERT INTO productos (id, proveedor_id, titulo, descripcion, precio, stock, imagenes, categoria) VALUES (36, 5, 'Sandalias para Descanso en Pista (40 pares)', 'Descubre la mejor calidad con nuestro Sandalias para Descanso en Pista (40 pares). Diseñado meticulosamente para elevar el nivel de tu evento, este artículo destaca por sus materiales premium y su durabilidad garantizada. Ideal tanto para eventos diurnos como nocturnos, se adapta perfectamente a diversas temáticas. El paquete viene perfectamente sellado y revisado bajo estrictos controles de calidad para que no tengas ningún contratiempo el día de tu celebración. Además, su diseño ergonómico y visualmente atractivo asegura que tus invitados tengan la mejor experiencia posible, convirtiendo un simple detalle en un recuerdo inolvidable. Aprovecha este producto estrella que se ha convertido en el favorito de los organizadores de eventos más exigentes.', 1400, 18, '["https://loremflickr.com/800/600/sandals,party?lock=7870", "https://loremflickr.com/800/600/sandals,party?lock=7590"]', 'Recuerdos y Souvenirs');
INSERT INTO productos (id, proveedor_id, titulo, descripcion, precio, stock, imagenes, categoria) VALUES (37, 2, 'Cajitas de Acrílico con Almendras (50pz)', 'Descubre la mejor calidad con nuestro Cajitas de Acrílico con Almendras (50pz). Diseñado meticulosamente para elevar el nivel de tu evento, este artículo destaca por sus materiales premium y su durabilidad garantizada. Ideal tanto para eventos diurnos como nocturnos, se adapta perfectamente a diversas temáticas. El paquete viene perfectamente sellado y revisado bajo estrictos controles de calidad para que no tengas ningún contratiempo el día de tu celebración. Además, su diseño ergonómico y visualmente atractivo asegura que tus invitados tengan la mejor experiencia posible, convirtiendo un simple detalle en un recuerdo inolvidable. Aprovecha este producto estrella que se ha convertido en el favorito de los organizadores de eventos más exigentes.', 600, 17, '["https://loremflickr.com/800/600/almonds,box?lock=4747", "https://loremflickr.com/800/600/almonds,box?lock=5516"]', 'Recuerdos y Souvenirs');
INSERT INTO productos (id, proveedor_id, titulo, descripcion, precio, stock, imagenes, categoria) VALUES (38, 6, 'Botellitas de Mezcal Personalizadas (20pz)', 'Descubre la mejor calidad con nuestro Botellitas de Mezcal Personalizadas (20pz). Diseñado meticulosamente para elevar el nivel de tu evento, este artículo destaca por sus materiales premium y su durabilidad garantizada. Ideal tanto para eventos diurnos como nocturnos, se adapta perfectamente a diversas temáticas. El paquete viene perfectamente sellado y revisado bajo estrictos controles de calidad para que no tengas ningún contratiempo el día de tu celebración. Además, su diseño ergonómico y visualmente atractivo asegura que tus invitados tengan la mejor experiencia posible, convirtiendo un simple detalle en un recuerdo inolvidable. Aprovecha este producto estrella que se ha convertido en el favorito de los organizadores de eventos más exigentes.', 1600, 67, '["https://loremflickr.com/800/600/mezcal,bottle?lock=8359", "https://loremflickr.com/800/600/mezcal,bottle?lock=839"]', 'Recuerdos y Souvenirs');
INSERT INTO productos (id, proveedor_id, titulo, descripcion, precio, stock, imagenes, categoria) VALUES (39, 3, 'Jabones Artesanales Aromáticos (40pz)', 'Descubre la mejor calidad con nuestro Jabones Artesanales Aromáticos (40pz). Diseñado meticulosamente para elevar el nivel de tu evento, este artículo destaca por sus materiales premium y su durabilidad garantizada. Ideal tanto para eventos diurnos como nocturnos, se adapta perfectamente a diversas temáticas. El paquete viene perfectamente sellado y revisado bajo estrictos controles de calidad para que no tengas ningún contratiempo el día de tu celebración. Además, su diseño ergonómico y visualmente atractivo asegura que tus invitados tengan la mejor experiencia posible, convirtiendo un simple detalle en un recuerdo inolvidable. Aprovecha este producto estrella que se ha convertido en el favorito de los organizadores de eventos más exigentes.', 750, 95, '["https://loremflickr.com/800/600/soap,handmade?lock=1925", "https://loremflickr.com/800/600/soap,handmade?lock=1256"]', 'Recuerdos y Souvenirs');
INSERT INTO productos (id, proveedor_id, titulo, descripcion, precio, stock, imagenes, categoria) VALUES (40, 4, 'Kit Anti-Cruda / Recovery Bags (50pz)', 'Descubre la mejor calidad con nuestro Kit Anti-Cruda / Recovery Bags (50pz). Diseñado meticulosamente para elevar el nivel de tu evento, este artículo destaca por sus materiales premium y su durabilidad garantizada. Ideal tanto para eventos diurnos como nocturnos, se adapta perfectamente a diversas temáticas. El paquete viene perfectamente sellado y revisado bajo estrictos controles de calidad para que no tengas ningún contratiempo el día de tu celebración. Además, su diseño ergonómico y visualmente atractivo asegura que tus invitados tengan la mejor experiencia posible, convirtiendo un simple detalle en un recuerdo inolvidable. Aprovecha este producto estrella que se ha convertido en el favorito de los organizadores de eventos más exigentes.', 2200, 73, '["https://loremflickr.com/800/600/survival,kit?lock=3395", "https://loremflickr.com/800/600/survival,kit?lock=4215"]', 'Recuerdos y Souvenirs');
INSERT INTO productos (id, proveedor_id, titulo, descripcion, precio, stock, imagenes, categoria) VALUES (41, 5, 'Platos Pasteleros Elegantes Desechables (100pz)', 'Descubre la mejor calidad con nuestro Platos Pasteleros Elegantes Desechables (100pz). Diseñado meticulosamente para elevar el nivel de tu evento, este artículo destaca por sus materiales premium y su durabilidad garantizada. Ideal tanto para eventos diurnos como nocturnos, se adapta perfectamente a diversas temáticas. El paquete viene perfectamente sellado y revisado bajo estrictos controles de calidad para que no tengas ningún contratiempo el día de tu celebración. Además, su diseño ergonómico y visualmente atractivo asegura que tus invitados tengan la mejor experiencia posible, convirtiendo un simple detalle en un recuerdo inolvidable. Aprovecha este producto estrella que se ha convertido en el favorito de los organizadores de eventos más exigentes.', 350, 54, '["https://loremflickr.com/800/600/plates,elegant?lock=9735", "https://loremflickr.com/800/600/plates,elegant?lock=2779"]', 'Alimentos y Bebidas');
INSERT INTO productos (id, proveedor_id, titulo, descripcion, precio, stock, imagenes, categoria) VALUES (42, 3, 'Copas de Acrílico tipo Cristal (50pz)', 'Descubre la mejor calidad con nuestro Copas de Acrílico tipo Cristal (50pz). Diseñado meticulosamente para elevar el nivel de tu evento, este artículo destaca por sus materiales premium y su durabilidad garantizada. Ideal tanto para eventos diurnos como nocturnos, se adapta perfectamente a diversas temáticas. El paquete viene perfectamente sellado y revisado bajo estrictos controles de calidad para que no tengas ningún contratiempo el día de tu celebración. Además, su diseño ergonómico y visualmente atractivo asegura que tus invitados tengan la mejor experiencia posible, convirtiendo un simple detalle en un recuerdo inolvidable. Aprovecha este producto estrella que se ha convertido en el favorito de los organizadores de eventos más exigentes.', 600, 37, '["https://loremflickr.com/800/600/glasses,acrylic?lock=1271", "https://loremflickr.com/800/600/glasses,acrylic?lock=8384"]', 'Alimentos y Bebidas');
INSERT INTO productos (id, proveedor_id, titulo, descripcion, precio, stock, imagenes, categoria) VALUES (43, 4, 'Servilletas de Tela Premium (50pz)', 'Descubre la mejor calidad con nuestro Servilletas de Tela Premium (50pz). Diseñado meticulosamente para elevar el nivel de tu evento, este artículo destaca por sus materiales premium y su durabilidad garantizada. Ideal tanto para eventos diurnos como nocturnos, se adapta perfectamente a diversas temáticas. El paquete viene perfectamente sellado y revisado bajo estrictos controles de calidad para que no tengas ningún contratiempo el día de tu celebración. Además, su diseño ergonómico y visualmente atractivo asegura que tus invitados tengan la mejor experiencia posible, convirtiendo un simple detalle en un recuerdo inolvidable. Aprovecha este producto estrella que se ha convertido en el favorito de los organizadores de eventos más exigentes.', 750, 65, '["https://loremflickr.com/800/600/napkins,cloth?lock=1544", "https://loremflickr.com/800/600/napkins,cloth?lock=1382"]', 'Decoración');
INSERT INTO productos (id, proveedor_id, titulo, descripcion, precio, stock, imagenes, categoria) VALUES (44, 6, 'Kits de Props y Letreros para Fotos (30pz)', 'Descubre la mejor calidad con nuestro Kits de Props y Letreros para Fotos (30pz). Diseñado meticulosamente para elevar el nivel de tu evento, este artículo destaca por sus materiales premium y su durabilidad garantizada. Ideal tanto para eventos diurnos como nocturnos, se adapta perfectamente a diversas temáticas. El paquete viene perfectamente sellado y revisado bajo estrictos controles de calidad para que no tengas ningún contratiempo el día de tu celebración. Además, su diseño ergonómico y visualmente atractivo asegura que tus invitados tengan la mejor experiencia posible, convirtiendo un simple detalle en un recuerdo inolvidable. Aprovecha este producto estrella que se ha convertido en el favorito de los organizadores de eventos más exigentes.', 250, 32, '["https://loremflickr.com/800/600/photoprops,signs?lock=2402", "https://loremflickr.com/800/600/photoprops,signs?lock=57"]', 'Fotografía y Video');
INSERT INTO productos (id, proveedor_id, titulo, descripcion, precio, stock, imagenes, categoria) VALUES (45, 3, 'Libro de Firmas de Madera Personalizado', 'Descubre la mejor calidad con nuestro Libro de Firmas de Madera Personalizado. Diseñado meticulosamente para elevar el nivel de tu evento, este artículo destaca por sus materiales premium y su durabilidad garantizada. Ideal tanto para eventos diurnos como nocturnos, se adapta perfectamente a diversas temáticas. El paquete viene perfectamente sellado y revisado bajo estrictos controles de calidad para que no tengas ningún contratiempo el día de tu celebración. Además, su diseño ergonómico y visualmente atractivo asegura que tus invitados tengan la mejor experiencia posible, convirtiendo un simple detalle en un recuerdo inolvidable. Aprovecha este producto estrella que se ha convertido en el favorito de los organizadores de eventos más exigentes.', 450, 96, '["https://loremflickr.com/800/600/guestbook,wood?lock=863", "https://loremflickr.com/800/600/guestbook,wood?lock=5664"]', 'Decoración');
INSERT INTO productos (id, proveedor_id, titulo, descripcion, precio, stock, imagenes, categoria) VALUES (46, 2, 'Burbujeros Automáticos para Ceremonia (2pz)', 'Descubre la mejor calidad con nuestro Burbujeros Automáticos para Ceremonia (2pz). Diseñado meticulosamente para elevar el nivel de tu evento, este artículo destaca por sus materiales premium y su durabilidad garantizada. Ideal tanto para eventos diurnos como nocturnos, se adapta perfectamente a diversas temáticas. El paquete viene perfectamente sellado y revisado bajo estrictos controles de calidad para que no tengas ningún contratiempo el día de tu celebración. Además, su diseño ergonómico y visualmente atractivo asegura que tus invitados tengan la mejor experiencia posible, convirtiendo un simple detalle en un recuerdo inolvidable. Aprovecha este producto estrella que se ha convertido en el favorito de los organizadores de eventos más exigentes.', 600, 48, '["https://loremflickr.com/800/600/bubbles,machine?lock=4817", "https://loremflickr.com/800/600/bubbles,machine?lock=6166"]', 'Decoración');
INSERT INTO productos (id, proveedor_id, titulo, descripcion, precio, stock, imagenes, categoria) VALUES (47, 6, 'Bengalas de Humo para Sesión de Fotos (5pz)', 'Descubre la mejor calidad con nuestro Bengalas de Humo para Sesión de Fotos (5pz). Diseñado meticulosamente para elevar el nivel de tu evento, este artículo destaca por sus materiales premium y su durabilidad garantizada. Ideal tanto para eventos diurnos como nocturnos, se adapta perfectamente a diversas temáticas. El paquete viene perfectamente sellado y revisado bajo estrictos controles de calidad para que no tengas ningún contratiempo el día de tu celebración. Además, su diseño ergonómico y visualmente atractivo asegura que tus invitados tengan la mejor experiencia posible, convirtiendo un simple detalle en un recuerdo inolvidable. Aprovecha este producto estrella que se ha convertido en el favorito de los organizadores de eventos más exigentes.', 300, 93, '["https://loremflickr.com/800/600/smokebomb,photo?lock=8071", "https://loremflickr.com/800/600/smokebomb,photo?lock=8631"]', 'Fotografía y Video');
INSERT INTO productos (id, proveedor_id, titulo, descripcion, precio, stock, imagenes, categoria) VALUES (48, 3, 'Letreros de Madera \'Sr.\' y \'Sra.\' para Sillas', 'Descubre la mejor calidad con nuestro Letreros de Madera \'Sr.\' y \'Sra.\' para Sillas. Diseñado meticulosamente para elevar el nivel de tu evento, este artículo destaca por sus materiales premium y su durabilidad garantizada. Ideal tanto para eventos diurnos como nocturnos, se adapta perfectamente a diversas temáticas. El paquete viene perfectamente sellado y revisado bajo estrictos controles de calidad para que no tengas ningún contratiempo el día de tu celebración. Además, su diseño ergonómico y visualmente atractivo asegura que tus invitados tengan la mejor experiencia posible, convirtiendo un simple detalle en un recuerdo inolvidable. Aprovecha este producto estrella que se ha convertido en el favorito de los organizadores de eventos más exigentes.', 200, 86, '["https://loremflickr.com/800/600/mrandmrs,signs?lock=5109", "https://loremflickr.com/800/600/mrandmrs,signs?lock=9495"]', 'Decoración');
INSERT INTO productos (id, proveedor_id, titulo, descripcion, precio, stock, imagenes, categoria) VALUES (49, 6, 'Caja Buzón para Sobres de Dinero', 'Descubre la mejor calidad con nuestro Caja Buzón para Sobres de Dinero. Diseñado meticulosamente para elevar el nivel de tu evento, este artículo destaca por sus materiales premium y su durabilidad garantizada. Ideal tanto para eventos diurnos como nocturnos, se adapta perfectamente a diversas temáticas. El paquete viene perfectamente sellado y revisado bajo estrictos controles de calidad para que no tengas ningún contratiempo el día de tu celebración. Además, su diseño ergonómico y visualmente atractivo asegura que tus invitados tengan la mejor experiencia posible, convirtiendo un simple detalle en un recuerdo inolvidable. Aprovecha este producto estrella que se ha convertido en el favorito de los organizadores de eventos más exigentes.', 550, 93, '["https://loremflickr.com/800/600/mailbox,envelope?lock=9235", "https://loremflickr.com/800/600/mailbox,envelope?lock=2398"]', 'Decoración');
INSERT INTO productos (id, proveedor_id, titulo, descripcion, precio, stock, imagenes, categoria) VALUES (50, 5, 'Guirnaldas de Papel Picado Personalizadas (10m)', 'Descubre la mejor calidad con nuestro Guirnaldas de Papel Picado Personalizadas (10m). Diseñado meticulosamente para elevar el nivel de tu evento, este artículo destaca por sus materiales premium y su durabilidad garantizada. Ideal tanto para eventos diurnos como nocturnos, se adapta perfectamente a diversas temáticas. El paquete viene perfectamente sellado y revisado bajo estrictos controles de calidad para que no tengas ningún contratiempo el día de tu celebración. Además, su diseño ergonómico y visualmente atractivo asegura que tus invitados tengan la mejor experiencia posible, convirtiendo un simple detalle en un recuerdo inolvidable. Aprovecha este producto estrella que se ha convertido en el favorito de los organizadores de eventos más exigentes.', 180, 38, '["https://loremflickr.com/800/600/papelpicado,mexican?lock=3566", "https://loremflickr.com/800/600/papelpicado,mexican?lock=9630"]', 'Decoración');
INSERT INTO servicios (id, proveedor_id, titulo, descripcion, precio, datos_agenda, imagenes, categoria) VALUES (1, 5, 'Servicio de DJ Versátil Profesional (5 Hrs)', 'Contrata profesionalismo absoluto con nuestro Servicio de DJ Versátil Profesional (5 Hrs). Entendemos que tu evento es irrepetible, por eso ofrecemos una ejecución impecable desde el primer minuto. Nuestro personal cuenta con años de experiencia en la industria y se presenta debidamente uniformado, capacitado y con excelente actitud de servicio. Este paquete incluye toda la logística previa, montaje, operación durante las horas contratadas y desmontaje rápido y limpio. Trabajamos exclusivamente con equipos y materiales de vanguardia para evitar cualquier falla técnica. Nos adaptamos a los tiempos del protocolo de tu fiesta para asegurar que fluya con naturalidad. Déjalo en manos de expertos y dedícate únicamente a disfrutar tu gran día.', 4500, '{"duracion_horas": 2, "anticipo_porcentaje": 50}', '["https://loremflickr.com/800/600/dj,party?lock=1819", "https://loremflickr.com/800/600/dj,party?lock=6215"]', 'Audio e Iluminación');
INSERT INTO servicios (id, proveedor_id, titulo, descripcion, precio, datos_agenda, imagenes, categoria) VALUES (2, 5, 'DJ Pro con Pantallas LED y Animador', 'Contrata profesionalismo absoluto con nuestro DJ Pro con Pantallas LED y Animador. Entendemos que tu evento es irrepetible, por eso ofrecemos una ejecución impecable desde el primer minuto. Nuestro personal cuenta con años de experiencia en la industria y se presenta debidamente uniformado, capacitado y con excelente actitud de servicio. Este paquete incluye toda la logística previa, montaje, operación durante las horas contratadas y desmontaje rápido y limpio. Trabajamos exclusivamente con equipos y materiales de vanguardia para evitar cualquier falla técnica. Nos adaptamos a los tiempos del protocolo de tu fiesta para asegurar que fluya con naturalidad. Déjalo en manos de expertos y dedícate únicamente a disfrutar tu gran día.', 8000, '{"duracion_horas": 2, "anticipo_porcentaje": 50}', '["https://loremflickr.com/800/600/dj,ledscreen?lock=2517", "https://loremflickr.com/800/600/dj,ledscreen?lock=5196"]', 'Audio e Iluminación');
INSERT INTO servicios (id, proveedor_id, titulo, descripcion, precio, datos_agenda, imagenes, categoria) VALUES (3, 3, 'Renta de Pista de Cristal Iluminada (5x5m)', 'Contrata profesionalismo absoluto con nuestro Renta de Pista de Cristal Iluminada (5x5m). Entendemos que tu evento es irrepetible, por eso ofrecemos una ejecución impecable desde el primer minuto. Nuestro personal cuenta con años de experiencia en la industria y se presenta debidamente uniformado, capacitado y con excelente actitud de servicio. Este paquete incluye toda la logística previa, montaje, operación durante las horas contratadas y desmontaje rápido y limpio. Trabajamos exclusivamente con equipos y materiales de vanguardia para evitar cualquier falla técnica. Nos adaptamos a los tiempos del protocolo de tu fiesta para asegurar que fluya con naturalidad. Déjalo en manos de expertos y dedícate únicamente a disfrutar tu gran día.', 6500, '{"duracion_horas": 5, "anticipo_porcentaje": 50}', '["https://loremflickr.com/800/600/dancefloor,glass?lock=5772", "https://loremflickr.com/800/600/dancefloor,glass?lock=8094"]', 'Audio e Iluminación');
INSERT INTO servicios (id, proveedor_id, titulo, descripcion, precio, datos_agenda, imagenes, categoria) VALUES (4, 3, 'Renta de Audio Lineal Alta Fidelidad', 'Contrata profesionalismo absoluto con nuestro Renta de Audio Lineal Alta Fidelidad. Entendemos que tu evento es irrepetible, por eso ofrecemos una ejecución impecable desde el primer minuto. Nuestro personal cuenta con años de experiencia en la industria y se presenta debidamente uniformado, capacitado y con excelente actitud de servicio. Este paquete incluye toda la logística previa, montaje, operación durante las horas contratadas y desmontaje rápido y limpio. Trabajamos exclusivamente con equipos y materiales de vanguardia para evitar cualquier falla técnica. Nos adaptamos a los tiempos del protocolo de tu fiesta para asegurar que fluya con naturalidad. Déjalo en manos de expertos y dedícate únicamente a disfrutar tu gran día.', 3500, '{"duracion_horas": 2, "anticipo_porcentaje": 50}', '["https://loremflickr.com/800/600/speakers,linearray?lock=4580", "https://loremflickr.com/800/600/speakers,linearray?lock=1161"]', 'Audio e Iluminación');
INSERT INTO servicios (id, proveedor_id, titulo, descripcion, precio, datos_agenda, imagenes, categoria) VALUES (5, 6, 'Iluminación Arquitectónica para Jardines', 'Contrata profesionalismo absoluto con nuestro Iluminación Arquitectónica para Jardines. Entendemos que tu evento es irrepetible, por eso ofrecemos una ejecución impecable desde el primer minuto. Nuestro personal cuenta con años de experiencia en la industria y se presenta debidamente uniformado, capacitado y con excelente actitud de servicio. Este paquete incluye toda la logística previa, montaje, operación durante las horas contratadas y desmontaje rápido y limpio. Trabajamos exclusivamente con equipos y materiales de vanguardia para evitar cualquier falla técnica. Nos adaptamos a los tiempos del protocolo de tu fiesta para asegurar que fluya con naturalidad. Déjalo en manos de expertos y dedícate únicamente a disfrutar tu gran día.', 2500, '{"duracion_horas": 2, "anticipo_porcentaje": 50}', '["https://loremflickr.com/800/600/uplighting,garden?lock=5952", "https://loremflickr.com/800/600/uplighting,garden?lock=1713"]', 'Audio e Iluminación');
INSERT INTO servicios (id, proveedor_id, titulo, descripcion, precio, datos_agenda, imagenes, categoria) VALUES (6, 6, 'Renta de Pista de Madera Vintage Pintada a Mano', 'Contrata profesionalismo absoluto con nuestro Renta de Pista de Madera Vintage Pintada a Mano. Entendemos que tu evento es irrepetible, por eso ofrecemos una ejecución impecable desde el primer minuto. Nuestro personal cuenta con años de experiencia en la industria y se presenta debidamente uniformado, capacitado y con excelente actitud de servicio. Este paquete incluye toda la logística previa, montaje, operación durante las horas contratadas y desmontaje rápido y limpio. Trabajamos exclusivamente con equipos y materiales de vanguardia para evitar cualquier falla técnica. Nos adaptamos a los tiempos del protocolo de tu fiesta para asegurar que fluya con naturalidad. Déjalo en manos de expertos y dedícate únicamente a disfrutar tu gran día.', 5500, '{"duracion_horas": 5, "anticipo_porcentaje": 50}', '["https://loremflickr.com/800/600/dancefloor,wood?lock=837", "https://loremflickr.com/800/600/dancefloor,wood?lock=7441"]', 'Mobiliario');
INSERT INTO servicios (id, proveedor_id, titulo, descripcion, precio, datos_agenda, imagenes, categoria) VALUES (7, 6, 'Servicio de Karaoke a Domicilio con Pantalla', 'Contrata profesionalismo absoluto con nuestro Servicio de Karaoke a Domicilio con Pantalla. Entendemos que tu evento es irrepetible, por eso ofrecemos una ejecución impecable desde el primer minuto. Nuestro personal cuenta con años de experiencia en la industria y se presenta debidamente uniformado, capacitado y con excelente actitud de servicio. Este paquete incluye toda la logística previa, montaje, operación durante las horas contratadas y desmontaje rápido y limpio. Trabajamos exclusivamente con equipos y materiales de vanguardia para evitar cualquier falla técnica. Nos adaptamos a los tiempos del protocolo de tu fiesta para asegurar que fluya con naturalidad. Déjalo en manos de expertos y dedícate únicamente a disfrutar tu gran día.', 2000, '{"duracion_horas": 2, "anticipo_porcentaje": 50}', '["https://loremflickr.com/800/600/karaoke,screen?lock=5628", "https://loremflickr.com/800/600/karaoke,screen?lock=583"]', 'Entretenimiento');
INSERT INTO servicios (id, proveedor_id, titulo, descripcion, precio, datos_agenda, imagenes, categoria) VALUES (8, 5, 'Renta de Proyector y Pantalla Gigante', 'Contrata profesionalismo absoluto con nuestro Renta de Proyector y Pantalla Gigante. Entendemos que tu evento es irrepetible, por eso ofrecemos una ejecución impecable desde el primer minuto. Nuestro personal cuenta con años de experiencia en la industria y se presenta debidamente uniformado, capacitado y con excelente actitud de servicio. Este paquete incluye toda la logística previa, montaje, operación durante las horas contratadas y desmontaje rápido y limpio. Trabajamos exclusivamente con equipos y materiales de vanguardia para evitar cualquier falla técnica. Nos adaptamos a los tiempos del protocolo de tu fiesta para asegurar que fluya con naturalidad. Déjalo en manos de expertos y dedícate únicamente a disfrutar tu gran día.', 1500, '{"duracion_horas": 5, "anticipo_porcentaje": 50}', '["https://loremflickr.com/800/600/projector,screen?lock=5762", "https://loremflickr.com/800/600/projector,screen?lock=5611"]', 'Fotografía y Video');
INSERT INTO servicios (id, proveedor_id, titulo, descripcion, precio, datos_agenda, imagenes, categoria) VALUES (9, 2, 'Pista Infinita LED 3D (4x4m)', 'Contrata profesionalismo absoluto con nuestro Pista Infinita LED 3D (4x4m). Entendemos que tu evento es irrepetible, por eso ofrecemos una ejecución impecable desde el primer minuto. Nuestro personal cuenta con años de experiencia en la industria y se presenta debidamente uniformado, capacitado y con excelente actitud de servicio. Este paquete incluye toda la logística previa, montaje, operación durante las horas contratadas y desmontaje rápido y limpio. Trabajamos exclusivamente con equipos y materiales de vanguardia para evitar cualquier falla técnica. Nos adaptamos a los tiempos del protocolo de tu fiesta para asegurar que fluya con naturalidad. Déjalo en manos de expertos y dedícate únicamente a disfrutar tu gran día.', 8500, '{"duracion_horas": 2, "anticipo_porcentaje": 50}', '["https://loremflickr.com/800/600/infinity,dancefloor?lock=5636", "https://loremflickr.com/800/600/infinity,dancefloor?lock=9333"]', 'Audio e Iluminación');
INSERT INTO servicios (id, proveedor_id, titulo, descripcion, precio, datos_agenda, imagenes, categoria) VALUES (10, 5, 'Sonorización Acústica para Ceremonia Religiosa', 'Contrata profesionalismo absoluto con nuestro Sonorización Acústica para Ceremonia Religiosa. Entendemos que tu evento es irrepetible, por eso ofrecemos una ejecución impecable desde el primer minuto. Nuestro personal cuenta con años de experiencia en la industria y se presenta debidamente uniformado, capacitado y con excelente actitud de servicio. Este paquete incluye toda la logística previa, montaje, operación durante las horas contratadas y desmontaje rápido y limpio. Trabajamos exclusivamente con equipos y materiales de vanguardia para evitar cualquier falla técnica. Nos adaptamos a los tiempos del protocolo de tu fiesta para asegurar que fluya con naturalidad. Déjalo en manos de expertos y dedícate únicamente a disfrutar tu gran día.', 1800, '{"duracion_horas": 8, "anticipo_porcentaje": 50}', '["https://loremflickr.com/800/600/ceremony,audio?lock=1422", "https://loremflickr.com/800/600/ceremony,audio?lock=3861"]', 'Audio e Iluminación');
INSERT INTO servicios (id, proveedor_id, titulo, descripcion, precio, datos_agenda, imagenes, categoria) VALUES (11, 6, 'Cobertura Fotográfica Completa (8 Hrs)', 'Contrata profesionalismo absoluto con nuestro Cobertura Fotográfica Completa (8 Hrs). Entendemos que tu evento es irrepetible, por eso ofrecemos una ejecución impecable desde el primer minuto. Nuestro personal cuenta con años de experiencia en la industria y se presenta debidamente uniformado, capacitado y con excelente actitud de servicio. Este paquete incluye toda la logística previa, montaje, operación durante las horas contratadas y desmontaje rápido y limpio. Trabajamos exclusivamente con equipos y materiales de vanguardia para evitar cualquier falla técnica. Nos adaptamos a los tiempos del protocolo de tu fiesta para asegurar que fluya con naturalidad. Déjalo en manos de expertos y dedícate únicamente a disfrutar tu gran día.', 6000, '{"duracion_horas": 5, "anticipo_porcentaje": 50}', '["https://loremflickr.com/800/600/wedding,photographer?lock=6028", "https://loremflickr.com/800/600/wedding,photographer?lock=200"]', 'Fotografía y Video');
INSERT INTO servicios (id, proveedor_id, titulo, descripcion, precio, datos_agenda, imagenes, categoria) VALUES (12, 3, 'Video Documental en 4K UHD', 'Contrata profesionalismo absoluto con nuestro Video Documental en 4K UHD. Entendemos que tu evento es irrepetible, por eso ofrecemos una ejecución impecable desde el primer minuto. Nuestro personal cuenta con años de experiencia en la industria y se presenta debidamente uniformado, capacitado y con excelente actitud de servicio. Este paquete incluye toda la logística previa, montaje, operación durante las horas contratadas y desmontaje rápido y limpio. Trabajamos exclusivamente con equipos y materiales de vanguardia para evitar cualquier falla técnica. Nos adaptamos a los tiempos del protocolo de tu fiesta para asegurar que fluya con naturalidad. Déjalo en manos de expertos y dedícate únicamente a disfrutar tu gran día.', 8500, '{"duracion_horas": 8, "anticipo_porcentaje": 50}', '["https://loremflickr.com/800/600/videographer,wedding?lock=7210", "https://loremflickr.com/800/600/videographer,wedding?lock=882"]', 'Fotografía y Video');
INSERT INTO servicios (id, proveedor_id, titulo, descripcion, precio, datos_agenda, imagenes, categoria) VALUES (13, 6, 'Sesión Fotográfica Casual Pre-Evento', 'Contrata profesionalismo absoluto con nuestro Sesión Fotográfica Casual Pre-Evento. Entendemos que tu evento es irrepetible, por eso ofrecemos una ejecución impecable desde el primer minuto. Nuestro personal cuenta con años de experiencia en la industria y se presenta debidamente uniformado, capacitado y con excelente actitud de servicio. Este paquete incluye toda la logística previa, montaje, operación durante las horas contratadas y desmontaje rápido y limpio. Trabajamos exclusivamente con equipos y materiales de vanguardia para evitar cualquier falla técnica. Nos adaptamos a los tiempos del protocolo de tu fiesta para asegurar que fluya con naturalidad. Déjalo en manos de expertos y dedícate únicamente a disfrutar tu gran día.', 2500, '{"duracion_horas": 2, "anticipo_porcentaje": 50}', '["https://loremflickr.com/800/600/casual,photoshoot?lock=7041", "https://loremflickr.com/800/600/casual,photoshoot?lock=571"]', 'Fotografía y Video');
INSERT INTO servicios (id, proveedor_id, titulo, descripcion, precio, datos_agenda, imagenes, categoria) VALUES (14, 3, 'Cabina Fotográfica con Impresión Ilimitada', 'Contrata profesionalismo absoluto con nuestro Cabina Fotográfica con Impresión Ilimitada. Entendemos que tu evento es irrepetible, por eso ofrecemos una ejecución impecable desde el primer minuto. Nuestro personal cuenta con años de experiencia en la industria y se presenta debidamente uniformado, capacitado y con excelente actitud de servicio. Este paquete incluye toda la logística previa, montaje, operación durante las horas contratadas y desmontaje rápido y limpio. Trabajamos exclusivamente con equipos y materiales de vanguardia para evitar cualquier falla técnica. Nos adaptamos a los tiempos del protocolo de tu fiesta para asegurar que fluya con naturalidad. Déjalo en manos de expertos y dedícate únicamente a disfrutar tu gran día.', 3500, '{"duracion_horas": 2, "anticipo_porcentaje": 50}', '["https://loremflickr.com/800/600/photobooth,print?lock=1472", "https://loremflickr.com/800/600/photobooth,print?lock=8357"]', 'Fotografía y Video');
INSERT INTO servicios (id, proveedor_id, titulo, descripcion, precio, datos_agenda, imagenes, categoria) VALUES (15, 5, 'Plataforma Cabina de Fotos 360', 'Contrata profesionalismo absoluto con nuestro Plataforma Cabina de Fotos 360. Entendemos que tu evento es irrepetible, por eso ofrecemos una ejecución impecable desde el primer minuto. Nuestro personal cuenta con años de experiencia en la industria y se presenta debidamente uniformado, capacitado y con excelente actitud de servicio. Este paquete incluye toda la logística previa, montaje, operación durante las horas contratadas y desmontaje rápido y limpio. Trabajamos exclusivamente con equipos y materiales de vanguardia para evitar cualquier falla técnica. Nos adaptamos a los tiempos del protocolo de tu fiesta para asegurar que fluya con naturalidad. Déjalo en manos de expertos y dedícate únicamente a disfrutar tu gran día.', 4500, '{"duracion_horas": 5, "anticipo_porcentaje": 50}', '["https://loremflickr.com/800/600/360booth,party?lock=1517", "https://loremflickr.com/800/600/360booth,party?lock=4657"]', 'Fotografía y Video');
INSERT INTO servicios (id, proveedor_id, titulo, descripcion, precio, datos_agenda, imagenes, categoria) VALUES (16, 3, 'Cobertura con Dron para Tomas Aéreas', 'Contrata profesionalismo absoluto con nuestro Cobertura con Dron para Tomas Aéreas. Entendemos que tu evento es irrepetible, por eso ofrecemos una ejecución impecable desde el primer minuto. Nuestro personal cuenta con años de experiencia en la industria y se presenta debidamente uniformado, capacitado y con excelente actitud de servicio. Este paquete incluye toda la logística previa, montaje, operación durante las horas contratadas y desmontaje rápido y limpio. Trabajamos exclusivamente con equipos y materiales de vanguardia para evitar cualquier falla técnica. Nos adaptamos a los tiempos del protocolo de tu fiesta para asegurar que fluya con naturalidad. Déjalo en manos de expertos y dedícate únicamente a disfrutar tu gran día.', 3000, '{"duracion_horas": 2, "anticipo_porcentaje": 50}', '["https://loremflickr.com/800/600/drone,wedding?lock=3369", "https://loremflickr.com/800/600/drone,wedding?lock=743"]', 'Fotografía y Video');
INSERT INTO servicios (id, proveedor_id, titulo, descripcion, precio, datos_agenda, imagenes, categoria) VALUES (17, 5, 'Fotografía Profesional para Bautizos', 'Contrata profesionalismo absoluto con nuestro Fotografía Profesional para Bautizos. Entendemos que tu evento es irrepetible, por eso ofrecemos una ejecución impecable desde el primer minuto. Nuestro personal cuenta con años de experiencia en la industria y se presenta debidamente uniformado, capacitado y con excelente actitud de servicio. Este paquete incluye toda la logística previa, montaje, operación durante las horas contratadas y desmontaje rápido y limpio. Trabajamos exclusivamente con equipos y materiales de vanguardia para evitar cualquier falla técnica. Nos adaptamos a los tiempos del protocolo de tu fiesta para asegurar que fluya con naturalidad. Déjalo en manos de expertos y dedícate únicamente a disfrutar tu gran día.', 2200, '{"duracion_horas": 5, "anticipo_porcentaje": 50}', '["https://loremflickr.com/800/600/baptism,photo?lock=1169", "https://loremflickr.com/800/600/baptism,photo?lock=9813"]', 'Fotografía y Video');
INSERT INTO servicios (id, proveedor_id, titulo, descripcion, precio, datos_agenda, imagenes, categoria) VALUES (18, 6, 'Creación de Photobook Impreso Premium', 'Contrata profesionalismo absoluto con nuestro Creación de Photobook Impreso Premium. Entendemos que tu evento es irrepetible, por eso ofrecemos una ejecución impecable desde el primer minuto. Nuestro personal cuenta con años de experiencia en la industria y se presenta debidamente uniformado, capacitado y con excelente actitud de servicio. Este paquete incluye toda la logística previa, montaje, operación durante las horas contratadas y desmontaje rápido y limpio. Trabajamos exclusivamente con equipos y materiales de vanguardia para evitar cualquier falla técnica. Nos adaptamos a los tiempos del protocolo de tu fiesta para asegurar que fluya con naturalidad. Déjalo en manos de expertos y dedícate únicamente a disfrutar tu gran día.', 2800, '{"duracion_horas": 8, "anticipo_porcentaje": 50}', '["https://loremflickr.com/800/600/photobook,album?lock=4812", "https://loremflickr.com/800/600/photobook,album?lock=4781"]', 'Fotografía y Video');
INSERT INTO servicios (id, proveedor_id, titulo, descripcion, precio, datos_agenda, imagenes, categoria) VALUES (19, 5, 'Video Highlight Trailer para Redes Sociales', 'Contrata profesionalismo absoluto con nuestro Video Highlight Trailer para Redes Sociales. Entendemos que tu evento es irrepetible, por eso ofrecemos una ejecución impecable desde el primer minuto. Nuestro personal cuenta con años de experiencia en la industria y se presenta debidamente uniformado, capacitado y con excelente actitud de servicio. Este paquete incluye toda la logística previa, montaje, operación durante las horas contratadas y desmontaje rápido y limpio. Trabajamos exclusivamente con equipos y materiales de vanguardia para evitar cualquier falla técnica. Nos adaptamos a los tiempos del protocolo de tu fiesta para asegurar que fluya con naturalidad. Déjalo en manos de expertos y dedícate únicamente a disfrutar tu gran día.', 1500, '{"duracion_horas": 5, "anticipo_porcentaje": 50}', '["https://loremflickr.com/800/600/video,highlight?lock=4711", "https://loremflickr.com/800/600/video,highlight?lock=5871"]', 'Fotografía y Video');
INSERT INTO servicios (id, proveedor_id, titulo, descripcion, precio, datos_agenda, imagenes, categoria) VALUES (20, 3, 'Renta de Cámaras Polaroid con 50 Cartuchos', 'Contrata profesionalismo absoluto con nuestro Renta de Cámaras Polaroid con 50 Cartuchos. Entendemos que tu evento es irrepetible, por eso ofrecemos una ejecución impecable desde el primer minuto. Nuestro personal cuenta con años de experiencia en la industria y se presenta debidamente uniformado, capacitado y con excelente actitud de servicio. Este paquete incluye toda la logística previa, montaje, operación durante las horas contratadas y desmontaje rápido y limpio. Trabajamos exclusivamente con equipos y materiales de vanguardia para evitar cualquier falla técnica. Nos adaptamos a los tiempos del protocolo de tu fiesta para asegurar que fluya con naturalidad. Déjalo en manos de expertos y dedícate únicamente a disfrutar tu gran día.', 1800, '{"duracion_horas": 5, "anticipo_porcentaje": 50}', '["https://loremflickr.com/800/600/polaroid,camera?lock=6702", "https://loremflickr.com/800/600/polaroid,camera?lock=8556"]', 'Fotografía y Video');
INSERT INTO servicios (id, proveedor_id, titulo, descripcion, precio, datos_agenda, imagenes, categoria) VALUES (21, 6, 'Show Cómico de Payasos y Animación Infantil', 'Contrata profesionalismo absoluto con nuestro Show Cómico de Payasos y Animación Infantil. Entendemos que tu evento es irrepetible, por eso ofrecemos una ejecución impecable desde el primer minuto. Nuestro personal cuenta con años de experiencia en la industria y se presenta debidamente uniformado, capacitado y con excelente actitud de servicio. Este paquete incluye toda la logística previa, montaje, operación durante las horas contratadas y desmontaje rápido y limpio. Trabajamos exclusivamente con equipos y materiales de vanguardia para evitar cualquier falla técnica. Nos adaptamos a los tiempos del protocolo de tu fiesta para asegurar que fluya con naturalidad. Déjalo en manos de expertos y dedícate únicamente a disfrutar tu gran día.', 1800, '{"duracion_horas": 2, "anticipo_porcentaje": 50}', '["https://loremflickr.com/800/600/clown,kids?lock=9747", "https://loremflickr.com/800/600/clown,kids?lock=3663"]', 'Entretenimiento');
INSERT INTO servicios (id, proveedor_id, titulo, descripcion, precio, datos_agenda, imagenes, categoria) VALUES (22, 5, 'Espectáculo de Magia de Cerca e Ilusionismo', 'Contrata profesionalismo absoluto con nuestro Espectáculo de Magia de Cerca e Ilusionismo. Entendemos que tu evento es irrepetible, por eso ofrecemos una ejecución impecable desde el primer minuto. Nuestro personal cuenta con años de experiencia en la industria y se presenta debidamente uniformado, capacitado y con excelente actitud de servicio. Este paquete incluye toda la logística previa, montaje, operación durante las horas contratadas y desmontaje rápido y limpio. Trabajamos exclusivamente con equipos y materiales de vanguardia para evitar cualquier falla técnica. Nos adaptamos a los tiempos del protocolo de tu fiesta para asegurar que fluya con naturalidad. Déjalo en manos de expertos y dedícate únicamente a disfrutar tu gran día.', 3500, '{"duracion_horas": 5, "anticipo_porcentaje": 50}', '["https://loremflickr.com/800/600/magician,tricks?lock=5540", "https://loremflickr.com/800/600/magician,tricks?lock=5958"]', 'Entretenimiento');
INSERT INTO servicios (id, proveedor_id, titulo, descripcion, precio, datos_agenda, imagenes, categoria) VALUES (23, 6, 'Show Robot LED con Disparador de CO2', 'Contrata profesionalismo absoluto con nuestro Show Robot LED con Disparador de CO2. Entendemos que tu evento es irrepetible, por eso ofrecemos una ejecución impecable desde el primer minuto. Nuestro personal cuenta con años de experiencia en la industria y se presenta debidamente uniformado, capacitado y con excelente actitud de servicio. Este paquete incluye toda la logística previa, montaje, operación durante las horas contratadas y desmontaje rápido y limpio. Trabajamos exclusivamente con equipos y materiales de vanguardia para evitar cualquier falla técnica. Nos adaptamos a los tiempos del protocolo de tu fiesta para asegurar que fluya con naturalidad. Déjalo en manos de expertos y dedícate únicamente a disfrutar tu gran día.', 5500, '{"duracion_horas": 5, "anticipo_porcentaje": 50}', '["https://loremflickr.com/800/600/ledrobot,co2?lock=9272", "https://loremflickr.com/800/600/ledrobot,co2?lock=3423"]', 'Entretenimiento');
INSERT INTO servicios (id, proveedor_id, titulo, descripcion, precio, datos_agenda, imagenes, categoria) VALUES (24, 3, 'Banda Sinaloense en Vivo (2 Hrs)', 'Contrata profesionalismo absoluto con nuestro Banda Sinaloense en Vivo (2 Hrs). Entendemos que tu evento es irrepetible, por eso ofrecemos una ejecución impecable desde el primer minuto. Nuestro personal cuenta con años de experiencia en la industria y se presenta debidamente uniformado, capacitado y con excelente actitud de servicio. Este paquete incluye toda la logística previa, montaje, operación durante las horas contratadas y desmontaje rápido y limpio. Trabajamos exclusivamente con equipos y materiales de vanguardia para evitar cualquier falla técnica. Nos adaptamos a los tiempos del protocolo de tu fiesta para asegurar que fluya con naturalidad. Déjalo en manos de expertos y dedícate únicamente a disfrutar tu gran día.', 9000, '{"duracion_horas": 2, "anticipo_porcentaje": 50}', '["https://loremflickr.com/800/600/band,music?lock=839", "https://loremflickr.com/800/600/band,music?lock=1870"]', 'Entretenimiento');
INSERT INTO servicios (id, proveedor_id, titulo, descripcion, precio, datos_agenda, imagenes, categoria) VALUES (25, 2, 'Grupo Versátil con Bailarines', 'Contrata profesionalismo absoluto con nuestro Grupo Versátil con Bailarines. Entendemos que tu evento es irrepetible, por eso ofrecemos una ejecución impecable desde el primer minuto. Nuestro personal cuenta con años de experiencia en la industria y se presenta debidamente uniformado, capacitado y con excelente actitud de servicio. Este paquete incluye toda la logística previa, montaje, operación durante las horas contratadas y desmontaje rápido y limpio. Trabajamos exclusivamente con equipos y materiales de vanguardia para evitar cualquier falla técnica. Nos adaptamos a los tiempos del protocolo de tu fiesta para asegurar que fluya con naturalidad. Déjalo en manos de expertos y dedícate únicamente a disfrutar tu gran día.', 15000, '{"duracion_horas": 2, "anticipo_porcentaje": 50}', '["https://loremflickr.com/800/600/liveband,party?lock=2377", "https://loremflickr.com/800/600/liveband,party?lock=6398"]', 'Entretenimiento');
INSERT INTO servicios (id, proveedor_id, titulo, descripcion, precio, datos_agenda, imagenes, categoria) VALUES (26, 6, 'Mariachi Profesional para Eventos (1 Hr)', 'Contrata profesionalismo absoluto con nuestro Mariachi Profesional para Eventos (1 Hr). Entendemos que tu evento es irrepetible, por eso ofrecemos una ejecución impecable desde el primer minuto. Nuestro personal cuenta con años de experiencia en la industria y se presenta debidamente uniformado, capacitado y con excelente actitud de servicio. Este paquete incluye toda la logística previa, montaje, operación durante las horas contratadas y desmontaje rápido y limpio. Trabajamos exclusivamente con equipos y materiales de vanguardia para evitar cualquier falla técnica. Nos adaptamos a los tiempos del protocolo de tu fiesta para asegurar que fluya con naturalidad. Déjalo en manos de expertos y dedícate únicamente a disfrutar tu gran día.', 3500, '{"duracion_horas": 8, "anticipo_porcentaje": 50}', '["https://loremflickr.com/800/600/mariachi,music?lock=9247", "https://loremflickr.com/800/600/mariachi,music?lock=1651"]', 'Entretenimiento');
INSERT INTO servicios (id, proveedor_id, titulo, descripcion, precio, datos_agenda, imagenes, categoria) VALUES (27, 2, 'Zanqueros y Arlequines para Batucada', 'Contrata profesionalismo absoluto con nuestro Zanqueros y Arlequines para Batucada. Entendemos que tu evento es irrepetible, por eso ofrecemos una ejecución impecable desde el primer minuto. Nuestro personal cuenta con años de experiencia en la industria y se presenta debidamente uniformado, capacitado y con excelente actitud de servicio. Este paquete incluye toda la logística previa, montaje, operación durante las horas contratadas y desmontaje rápido y limpio. Trabajamos exclusivamente con equipos y materiales de vanguardia para evitar cualquier falla técnica. Nos adaptamos a los tiempos del protocolo de tu fiesta para asegurar que fluya con naturalidad. Déjalo en manos de expertos y dedícate únicamente a disfrutar tu gran día.', 2500, '{"duracion_horas": 5, "anticipo_porcentaje": 50}', '["https://loremflickr.com/800/600/stiltwalker,party?lock=600", "https://loremflickr.com/800/600/stiltwalker,party?lock=6472"]', 'Entretenimiento');
INSERT INTO servicios (id, proveedor_id, titulo, descripcion, precio, datos_agenda, imagenes, categoria) VALUES (28, 4, 'Servicio de Pintacaritas y Maquillaje Fantasía', 'Contrata profesionalismo absoluto con nuestro Servicio de Pintacaritas y Maquillaje Fantasía. Entendemos que tu evento es irrepetible, por eso ofrecemos una ejecución impecable desde el primer minuto. Nuestro personal cuenta con años de experiencia en la industria y se presenta debidamente uniformado, capacitado y con excelente actitud de servicio. Este paquete incluye toda la logística previa, montaje, operación durante las horas contratadas y desmontaje rápido y limpio. Trabajamos exclusivamente con equipos y materiales de vanguardia para evitar cualquier falla técnica. Nos adaptamos a los tiempos del protocolo de tu fiesta para asegurar que fluya con naturalidad. Déjalo en manos de expertos y dedícate únicamente a disfrutar tu gran día.', 1200, '{"duracion_horas": 8, "anticipo_porcentaje": 50}', '["https://loremflickr.com/800/600/facepainting,kids?lock=7963", "https://loremflickr.com/800/600/facepainting,kids?lock=3541"]', 'Entretenimiento');
INSERT INTO servicios (id, proveedor_id, titulo, descripcion, precio, datos_agenda, imagenes, categoria) VALUES (29, 4, 'Espectáculo de Fuego y Malabares', 'Contrata profesionalismo absoluto con nuestro Espectáculo de Fuego y Malabares. Entendemos que tu evento es irrepetible, por eso ofrecemos una ejecución impecable desde el primer minuto. Nuestro personal cuenta con años de experiencia en la industria y se presenta debidamente uniformado, capacitado y con excelente actitud de servicio. Este paquete incluye toda la logística previa, montaje, operación durante las horas contratadas y desmontaje rápido y limpio. Trabajamos exclusivamente con equipos y materiales de vanguardia para evitar cualquier falla técnica. Nos adaptamos a los tiempos del protocolo de tu fiesta para asegurar que fluya con naturalidad. Déjalo en manos de expertos y dedícate únicamente a disfrutar tu gran día.', 4500, '{"duracion_horas": 2, "anticipo_porcentaje": 50}', '["https://loremflickr.com/800/600/fireshow,juggling?lock=9792", "https://loremflickr.com/800/600/fireshow,juggling?lock=6216"]', 'Entretenimiento');
INSERT INTO servicios (id, proveedor_id, titulo, descripcion, precio, datos_agenda, imagenes, categoria) VALUES (30, 3, 'Show de Imitador de Artista Famoso', 'Contrata profesionalismo absoluto con nuestro Show de Imitador de Artista Famoso. Entendemos que tu evento es irrepetible, por eso ofrecemos una ejecución impecable desde el primer minuto. Nuestro personal cuenta con años de experiencia en la industria y se presenta debidamente uniformado, capacitado y con excelente actitud de servicio. Este paquete incluye toda la logística previa, montaje, operación durante las horas contratadas y desmontaje rápido y limpio. Trabajamos exclusivamente con equipos y materiales de vanguardia para evitar cualquier falla técnica. Nos adaptamos a los tiempos del protocolo de tu fiesta para asegurar que fluya con naturalidad. Déjalo en manos de expertos y dedícate únicamente a disfrutar tu gran día.', 3800, '{"duracion_horas": 8, "anticipo_porcentaje": 50}', '["https://loremflickr.com/800/600/impersonator,show?lock=3391", "https://loremflickr.com/800/600/impersonator,show?lock=6697"]', 'Entretenimiento');
INSERT INTO servicios (id, proveedor_id, titulo, descripcion, precio, datos_agenda, imagenes, categoria) VALUES (31, 4, 'Banquete Formal a 3 Tiempos (por 50 pax)', 'Contrata profesionalismo absoluto con nuestro Banquete Formal a 3 Tiempos (por 50 pax). Entendemos que tu evento es irrepetible, por eso ofrecemos una ejecución impecable desde el primer minuto. Nuestro personal cuenta con años de experiencia en la industria y se presenta debidamente uniformado, capacitado y con excelente actitud de servicio. Este paquete incluye toda la logística previa, montaje, operación durante las horas contratadas y desmontaje rápido y limpio. Trabajamos exclusivamente con equipos y materiales de vanguardia para evitar cualquier falla técnica. Nos adaptamos a los tiempos del protocolo de tu fiesta para asegurar que fluya con naturalidad. Déjalo en manos de expertos y dedícate únicamente a disfrutar tu gran día.', 12500, '{"duracion_horas": 2, "anticipo_porcentaje": 50}', '["https://loremflickr.com/800/600/banquet,elegant?lock=5773", "https://loremflickr.com/800/600/banquet,elegant?lock=9836"]', 'Alimentos y Bebidas');
INSERT INTO servicios (id, proveedor_id, titulo, descripcion, precio, datos_agenda, imagenes, categoria) VALUES (32, 4, 'Taquiza Tradicional de Guisados (por 50 pax)', 'Contrata profesionalismo absoluto con nuestro Taquiza Tradicional de Guisados (por 50 pax). Entendemos que tu evento es irrepetible, por eso ofrecemos una ejecución impecable desde el primer minuto. Nuestro personal cuenta con años de experiencia en la industria y se presenta debidamente uniformado, capacitado y con excelente actitud de servicio. Este paquete incluye toda la logística previa, montaje, operación durante las horas contratadas y desmontaje rápido y limpio. Trabajamos exclusivamente con equipos y materiales de vanguardia para evitar cualquier falla técnica. Nos adaptamos a los tiempos del protocolo de tu fiesta para asegurar que fluya con naturalidad. Déjalo en manos de expertos y dedícate únicamente a disfrutar tu gran día.', 4500, '{"duracion_horas": 5, "anticipo_porcentaje": 50}', '["https://loremflickr.com/800/600/tacos,catering?lock=1696", "https://loremflickr.com/800/600/tacos,catering?lock=7367"]', 'Alimentos y Bebidas');
INSERT INTO servicios (id, proveedor_id, titulo, descripcion, precio, datos_agenda, imagenes, categoria) VALUES (33, 6, 'Barra Libre de Coctelería Profesional', 'Contrata profesionalismo absoluto con nuestro Barra Libre de Coctelería Profesional. Entendemos que tu evento es irrepetible, por eso ofrecemos una ejecución impecable desde el primer minuto. Nuestro personal cuenta con años de experiencia en la industria y se presenta debidamente uniformado, capacitado y con excelente actitud de servicio. Este paquete incluye toda la logística previa, montaje, operación durante las horas contratadas y desmontaje rápido y limpio. Trabajamos exclusivamente con equipos y materiales de vanguardia para evitar cualquier falla técnica. Nos adaptamos a los tiempos del protocolo de tu fiesta para asegurar que fluya con naturalidad. Déjalo en manos de expertos y dedícate únicamente a disfrutar tu gran día.', 6500, '{"duracion_horas": 5, "anticipo_porcentaje": 50}', '["https://loremflickr.com/800/600/cocktails,bar?lock=1942", "https://loremflickr.com/800/600/cocktails,bar?lock=3647"]', 'Alimentos y Bebidas');
INSERT INTO servicios (id, proveedor_id, titulo, descripcion, precio, datos_agenda, imagenes, categoria) VALUES (34, 4, 'Carrito de Shots Animados para Pista', 'Contrata profesionalismo absoluto con nuestro Carrito de Shots Animados para Pista. Entendemos que tu evento es irrepetible, por eso ofrecemos una ejecución impecable desde el primer minuto. Nuestro personal cuenta con años de experiencia en la industria y se presenta debidamente uniformado, capacitado y con excelente actitud de servicio. Este paquete incluye toda la logística previa, montaje, operación durante las horas contratadas y desmontaje rápido y limpio. Trabajamos exclusivamente con equipos y materiales de vanguardia para evitar cualquier falla técnica. Nos adaptamos a los tiempos del protocolo de tu fiesta para asegurar que fluya con naturalidad. Déjalo en manos de expertos y dedícate únicamente a disfrutar tu gran día.', 2500, '{"duracion_horas": 5, "anticipo_porcentaje": 50}', '["https://loremflickr.com/800/600/shots,party?lock=3114", "https://loremflickr.com/800/600/shots,party?lock=6258"]', 'Alimentos y Bebidas');
INSERT INTO servicios (id, proveedor_id, titulo, descripcion, precio, datos_agenda, imagenes, categoria) VALUES (35, 6, 'Trompo de Pastor al Pastor a Domicilio', 'Contrata profesionalismo absoluto con nuestro Trompo de Pastor al Pastor a Domicilio. Entendemos que tu evento es irrepetible, por eso ofrecemos una ejecución impecable desde el primer minuto. Nuestro personal cuenta con años de experiencia en la industria y se presenta debidamente uniformado, capacitado y con excelente actitud de servicio. Este paquete incluye toda la logística previa, montaje, operación durante las horas contratadas y desmontaje rápido y limpio. Trabajamos exclusivamente con equipos y materiales de vanguardia para evitar cualquier falla técnica. Nos adaptamos a los tiempos del protocolo de tu fiesta para asegurar que fluya con naturalidad. Déjalo en manos de expertos y dedícate únicamente a disfrutar tu gran día.', 3500, '{"duracion_horas": 2, "anticipo_porcentaje": 50}', '["https://loremflickr.com/800/600/tacos,pastor?lock=2995", "https://loremflickr.com/800/600/tacos,pastor?lock=1606"]', 'Alimentos y Bebidas');
INSERT INTO servicios (id, proveedor_id, titulo, descripcion, precio, datos_agenda, imagenes, categoria) VALUES (36, 2, 'Mesa de Quesos, Carnes Frías y Tapas', 'Contrata profesionalismo absoluto con nuestro Mesa de Quesos, Carnes Frías y Tapas. Entendemos que tu evento es irrepetible, por eso ofrecemos una ejecución impecable desde el primer minuto. Nuestro personal cuenta con años de experiencia en la industria y se presenta debidamente uniformado, capacitado y con excelente actitud de servicio. Este paquete incluye toda la logística previa, montaje, operación durante las horas contratadas y desmontaje rápido y limpio. Trabajamos exclusivamente con equipos y materiales de vanguardia para evitar cualquier falla técnica. Nos adaptamos a los tiempos del protocolo de tu fiesta para asegurar que fluya con naturalidad. Déjalo en manos de expertos y dedícate únicamente a disfrutar tu gran día.', 4000, '{"duracion_horas": 2, "anticipo_porcentaje": 50}', '["https://loremflickr.com/800/600/charcuterie,cheese?lock=8888", "https://loremflickr.com/800/600/charcuterie,cheese?lock=9379"]', 'Alimentos y Bebidas');
INSERT INTO servicios (id, proveedor_id, titulo, descripcion, precio, datos_agenda, imagenes, categoria) VALUES (37, 5, 'Catering Vegano y Menús Alternativos', 'Contrata profesionalismo absoluto con nuestro Catering Vegano y Menús Alternativos. Entendemos que tu evento es irrepetible, por eso ofrecemos una ejecución impecable desde el primer minuto. Nuestro personal cuenta con años de experiencia en la industria y se presenta debidamente uniformado, capacitado y con excelente actitud de servicio. Este paquete incluye toda la logística previa, montaje, operación durante las horas contratadas y desmontaje rápido y limpio. Trabajamos exclusivamente con equipos y materiales de vanguardia para evitar cualquier falla técnica. Nos adaptamos a los tiempos del protocolo de tu fiesta para asegurar que fluya con naturalidad. Déjalo en manos de expertos y dedícate únicamente a disfrutar tu gran día.', 5500, '{"duracion_horas": 8, "anticipo_porcentaje": 50}', '["https://loremflickr.com/800/600/vegan,catering?lock=5135", "https://loremflickr.com/800/600/vegan,catering?lock=2299"]', 'Alimentos y Bebidas');
INSERT INTO servicios (id, proveedor_id, titulo, descripcion, precio, datos_agenda, imagenes, categoria) VALUES (38, 5, 'Barra de Cafés de Especialidad y Crepas', 'Contrata profesionalismo absoluto con nuestro Barra de Cafés de Especialidad y Crepas. Entendemos que tu evento es irrepetible, por eso ofrecemos una ejecución impecable desde el primer minuto. Nuestro personal cuenta con años de experiencia en la industria y se presenta debidamente uniformado, capacitado y con excelente actitud de servicio. Este paquete incluye toda la logística previa, montaje, operación durante las horas contratadas y desmontaje rápido y limpio. Trabajamos exclusivamente con equipos y materiales de vanguardia para evitar cualquier falla técnica. Nos adaptamos a los tiempos del protocolo de tu fiesta para asegurar que fluya con naturalidad. Déjalo en manos de expertos y dedícate únicamente a disfrutar tu gran día.', 3000, '{"duracion_horas": 8, "anticipo_porcentaje": 50}', '["https://loremflickr.com/800/600/coffee,crepes?lock=6092", "https://loremflickr.com/800/600/coffee,crepes?lock=4986"]', 'Alimentos y Bebidas');
INSERT INTO servicios (id, proveedor_id, titulo, descripcion, precio, datos_agenda, imagenes, categoria) VALUES (39, 2, 'Menú Infantil (Hamburguesas/Nuggets)', 'Contrata profesionalismo absoluto con nuestro Menú Infantil (Hamburguesas/Nuggets). Entendemos que tu evento es irrepetible, por eso ofrecemos una ejecución impecable desde el primer minuto. Nuestro personal cuenta con años de experiencia en la industria y se presenta debidamente uniformado, capacitado y con excelente actitud de servicio. Este paquete incluye toda la logística previa, montaje, operación durante las horas contratadas y desmontaje rápido y limpio. Trabajamos exclusivamente con equipos y materiales de vanguardia para evitar cualquier falla técnica. Nos adaptamos a los tiempos del protocolo de tu fiesta para asegurar que fluya con naturalidad. Déjalo en manos de expertos y dedícate únicamente a disfrutar tu gran día.', 2000, '{"duracion_horas": 5, "anticipo_porcentaje": 50}', '["https://loremflickr.com/800/600/kidsmeal,burger?lock=2188", "https://loremflickr.com/800/600/kidsmeal,burger?lock=7201"]', 'Alimentos y Bebidas');
INSERT INTO servicios (id, proveedor_id, titulo, descripcion, precio, datos_agenda, imagenes, categoria) VALUES (40, 5, 'Parrillada Argentina con Cortes Clásicos', 'Contrata profesionalismo absoluto con nuestro Parrillada Argentina con Cortes Clásicos. Entendemos que tu evento es irrepetible, por eso ofrecemos una ejecución impecable desde el primer minuto. Nuestro personal cuenta con años de experiencia en la industria y se presenta debidamente uniformado, capacitado y con excelente actitud de servicio. Este paquete incluye toda la logística previa, montaje, operación durante las horas contratadas y desmontaje rápido y limpio. Trabajamos exclusivamente con equipos y materiales de vanguardia para evitar cualquier falla técnica. Nos adaptamos a los tiempos del protocolo de tu fiesta para asegurar que fluya con naturalidad. Déjalo en manos de expertos y dedícate únicamente a disfrutar tu gran día.', 8500, '{"duracion_horas": 8, "anticipo_porcentaje": 50}', '["https://loremflickr.com/800/600/bbq,grill?lock=4679", "https://loremflickr.com/800/600/bbq,grill?lock=6384"]', 'Alimentos y Bebidas');
INSERT INTO servicios (id, proveedor_id, titulo, descripcion, precio, datos_agenda, imagenes, categoria) VALUES (41, 2, 'Renta de Jardín Exclusivo para Eventos', 'Contrata profesionalismo absoluto con nuestro Renta de Jardín Exclusivo para Eventos. Entendemos que tu evento es irrepetible, por eso ofrecemos una ejecución impecable desde el primer minuto. Nuestro personal cuenta con años de experiencia en la industria y se presenta debidamente uniformado, capacitado y con excelente actitud de servicio. Este paquete incluye toda la logística previa, montaje, operación durante las horas contratadas y desmontaje rápido y limpio. Trabajamos exclusivamente con equipos y materiales de vanguardia para evitar cualquier falla técnica. Nos adaptamos a los tiempos del protocolo de tu fiesta para asegurar que fluya con naturalidad. Déjalo en manos de expertos y dedícate únicamente a disfrutar tu gran día.', 15000, '{"duracion_horas": 8, "anticipo_porcentaje": 50}', '["https://loremflickr.com/800/600/garden,venue?lock=9515", "https://loremflickr.com/800/600/garden,venue?lock=3444"]', 'Recintos y Salones');
INSERT INTO servicios (id, proveedor_id, titulo, descripcion, precio, datos_agenda, imagenes, categoria) VALUES (42, 3, 'Salón Cerrado con Aire Acondicionado', 'Contrata profesionalismo absoluto con nuestro Salón Cerrado con Aire Acondicionado. Entendemos que tu evento es irrepetible, por eso ofrecemos una ejecución impecable desde el primer minuto. Nuestro personal cuenta con años de experiencia en la industria y se presenta debidamente uniformado, capacitado y con excelente actitud de servicio. Este paquete incluye toda la logística previa, montaje, operación durante las horas contratadas y desmontaje rápido y limpio. Trabajamos exclusivamente con equipos y materiales de vanguardia para evitar cualquier falla técnica. Nos adaptamos a los tiempos del protocolo de tu fiesta para asegurar que fluya con naturalidad. Déjalo en manos de expertos y dedícate únicamente a disfrutar tu gran día.', 18000, '{"duracion_horas": 2, "anticipo_porcentaje": 50}', '["https://loremflickr.com/800/600/venue,indoor?lock=1725", "https://loremflickr.com/800/600/venue,indoor?lock=7629"]', 'Recintos y Salones');
INSERT INTO servicios (id, proveedor_id, titulo, descripcion, precio, datos_agenda, imagenes, categoria) VALUES (43, 2, 'Renta de Carpa Elegante con Plafón', 'Contrata profesionalismo absoluto con nuestro Renta de Carpa Elegante con Plafón. Entendemos que tu evento es irrepetible, por eso ofrecemos una ejecución impecable desde el primer minuto. Nuestro personal cuenta con años de experiencia en la industria y se presenta debidamente uniformado, capacitado y con excelente actitud de servicio. Este paquete incluye toda la logística previa, montaje, operación durante las horas contratadas y desmontaje rápido y limpio. Trabajamos exclusivamente con equipos y materiales de vanguardia para evitar cualquier falla técnica. Nos adaptamos a los tiempos del protocolo de tu fiesta para asegurar que fluya con naturalidad. Déjalo en manos de expertos y dedícate únicamente a disfrutar tu gran día.', 6000, '{"duracion_horas": 5, "anticipo_porcentaje": 50}', '["https://loremflickr.com/800/600/tent,wedding?lock=6909", "https://loremflickr.com/800/600/tent,wedding?lock=2724"]', 'Mobiliario');
INSERT INTO servicios (id, proveedor_id, titulo, descripcion, precio, datos_agenda, imagenes, categoria) VALUES (44, 6, 'Salas Lounge Blancas (Capacidad 8 pax)', 'Contrata profesionalismo absoluto con nuestro Salas Lounge Blancas (Capacidad 8 pax). Entendemos que tu evento es irrepetible, por eso ofrecemos una ejecución impecable desde el primer minuto. Nuestro personal cuenta con años de experiencia en la industria y se presenta debidamente uniformado, capacitado y con excelente actitud de servicio. Este paquete incluye toda la logística previa, montaje, operación durante las horas contratadas y desmontaje rápido y limpio. Trabajamos exclusivamente con equipos y materiales de vanguardia para evitar cualquier falla técnica. Nos adaptamos a los tiempos del protocolo de tu fiesta para asegurar que fluya con naturalidad. Déjalo en manos de expertos y dedícate únicamente a disfrutar tu gran día.', 800, '{"duracion_horas": 5, "anticipo_porcentaje": 50}', '["https://loremflickr.com/800/600/lounge,furniture?lock=8434", "https://loremflickr.com/800/600/lounge,furniture?lock=6780"]', 'Mobiliario');
INSERT INTO servicios (id, proveedor_id, titulo, descripcion, precio, datos_agenda, imagenes, categoria) VALUES (45, 4, 'Mesas Imperiales de Madera Parota', 'Contrata profesionalismo absoluto con nuestro Mesas Imperiales de Madera Parota. Entendemos que tu evento es irrepetible, por eso ofrecemos una ejecución impecable desde el primer minuto. Nuestro personal cuenta con años de experiencia en la industria y se presenta debidamente uniformado, capacitado y con excelente actitud de servicio. Este paquete incluye toda la logística previa, montaje, operación durante las horas contratadas y desmontaje rápido y limpio. Trabajamos exclusivamente con equipos y materiales de vanguardia para evitar cualquier falla técnica. Nos adaptamos a los tiempos del protocolo de tu fiesta para asegurar que fluya con naturalidad. Déjalo en manos de expertos y dedícate únicamente a disfrutar tu gran día.', 1200, '{"duracion_horas": 8, "anticipo_porcentaje": 50}', '["https://loremflickr.com/800/600/woodentable,elegant?lock=6912", "https://loremflickr.com/800/600/woodentable,elegant?lock=9897"]', 'Mobiliario');
INSERT INTO servicios (id, proveedor_id, titulo, descripcion, precio, datos_agenda, imagenes, categoria) VALUES (46, 4, 'Sillas Tiffany Originales (10pz)', 'Contrata profesionalismo absoluto con nuestro Sillas Tiffany Originales (10pz). Entendemos que tu evento es irrepetible, por eso ofrecemos una ejecución impecable desde el primer minuto. Nuestro personal cuenta con años de experiencia en la industria y se presenta debidamente uniformado, capacitado y con excelente actitud de servicio. Este paquete incluye toda la logística previa, montaje, operación durante las horas contratadas y desmontaje rápido y limpio. Trabajamos exclusivamente con equipos y materiales de vanguardia para evitar cualquier falla técnica. Nos adaptamos a los tiempos del protocolo de tu fiesta para asegurar que fluya con naturalidad. Déjalo en manos de expertos y dedícate únicamente a disfrutar tu gran día.', 300, '{"duracion_horas": 2, "anticipo_porcentaje": 50}', '["https://loremflickr.com/800/600/tiffanychair,wedding?lock=3612", "https://loremflickr.com/800/600/tiffanychair,wedding?lock=3233"]', 'Mobiliario');
INSERT INTO servicios (id, proveedor_id, titulo, descripcion, precio, datos_agenda, imagenes, categoria) VALUES (47, 3, 'Sillas Avant Garde Plegables (10pz)', 'Contrata profesionalismo absoluto con nuestro Sillas Avant Garde Plegables (10pz). Entendemos que tu evento es irrepetible, por eso ofrecemos una ejecución impecable desde el primer minuto. Nuestro personal cuenta con años de experiencia en la industria y se presenta debidamente uniformado, capacitado y con excelente actitud de servicio. Este paquete incluye toda la logística previa, montaje, operación durante las horas contratadas y desmontaje rápido y limpio. Trabajamos exclusivamente con equipos y materiales de vanguardia para evitar cualquier falla técnica. Nos adaptamos a los tiempos del protocolo de tu fiesta para asegurar que fluya con naturalidad. Déjalo en manos de expertos y dedícate únicamente a disfrutar tu gran día.', 250, '{"duracion_horas": 8, "anticipo_porcentaje": 50}', '["https://loremflickr.com/800/600/avantgarde,chair?lock=1447", "https://loremflickr.com/800/600/avantgarde,chair?lock=7696"]', 'Mobiliario');
INSERT INTO servicios (id, proveedor_id, titulo, descripcion, precio, datos_agenda, imagenes, categoria) VALUES (48, 6, 'Servicio de Meseros Profesionales (1 Turno)', 'Contrata profesionalismo absoluto con nuestro Servicio de Meseros Profesionales (1 Turno). Entendemos que tu evento es irrepetible, por eso ofrecemos una ejecución impecable desde el primer minuto. Nuestro personal cuenta con años de experiencia en la industria y se presenta debidamente uniformado, capacitado y con excelente actitud de servicio. Este paquete incluye toda la logística previa, montaje, operación durante las horas contratadas y desmontaje rápido y limpio. Trabajamos exclusivamente con equipos y materiales de vanguardia para evitar cualquier falla técnica. Nos adaptamos a los tiempos del protocolo de tu fiesta para asegurar que fluya con naturalidad. Déjalo en manos de expertos y dedícate únicamente a disfrutar tu gran día.', 800, '{"duracion_horas": 8, "anticipo_porcentaje": 50}', '["https://loremflickr.com/800/600/waiter,staff?lock=194", "https://loremflickr.com/800/600/waiter,staff?lock=6377"]', 'Personal y Staff');
INSERT INTO servicios (id, proveedor_id, titulo, descripcion, precio, datos_agenda, imagenes, categoria) VALUES (49, 4, 'Seguridad Privada y Control de Accesos', 'Contrata profesionalismo absoluto con nuestro Seguridad Privada y Control de Accesos. Entendemos que tu evento es irrepetible, por eso ofrecemos una ejecución impecable desde el primer minuto. Nuestro personal cuenta con años de experiencia en la industria y se presenta debidamente uniformado, capacitado y con excelente actitud de servicio. Este paquete incluye toda la logística previa, montaje, operación durante las horas contratadas y desmontaje rápido y limpio. Trabajamos exclusivamente con equipos y materiales de vanguardia para evitar cualquier falla técnica. Nos adaptamos a los tiempos del protocolo de tu fiesta para asegurar que fluya con naturalidad. Déjalo en manos de expertos y dedícate únicamente a disfrutar tu gran día.', 1500, '{"duracion_horas": 2, "anticipo_porcentaje": 50}', '["https://loremflickr.com/800/600/security,event?lock=1732", "https://loremflickr.com/800/600/security,event?lock=8291"]', 'Personal y Staff');
INSERT INTO servicios (id, proveedor_id, titulo, descripcion, precio, datos_agenda, imagenes, categoria) VALUES (50, 5, 'Servicio de Valet Parking Asegurado', 'Contrata profesionalismo absoluto con nuestro Servicio de Valet Parking Asegurado. Entendemos que tu evento es irrepetible, por eso ofrecemos una ejecución impecable desde el primer minuto. Nuestro personal cuenta con años de experiencia en la industria y se presenta debidamente uniformado, capacitado y con excelente actitud de servicio. Este paquete incluye toda la logística previa, montaje, operación durante las horas contratadas y desmontaje rápido y limpio. Trabajamos exclusivamente con equipos y materiales de vanguardia para evitar cualquier falla técnica. Nos adaptamos a los tiempos del protocolo de tu fiesta para asegurar que fluya con naturalidad. Déjalo en manos de expertos y dedícate únicamente a disfrutar tu gran día.', 3500, '{"duracion_horas": 5, "anticipo_porcentaje": 50}', '["https://loremflickr.com/800/600/valet,parking?lock=9507", "https://loremflickr.com/800/600/valet,parking?lock=8509"]', 'Personal y Staff');
COMMIT;

-- GENERACIÓN DE VENTAS Y RESEÑAS --
INSERT INTO pedidos (id, cliente_id, monto_total, direccion_envio, estado, fecha_creacion) VALUES (1, 7, 450, 'Domicilio Conocido', 'completado', '2026-05-27 17:18:54.787291');
INSERT INTO detalles_pedido (id, pedido_id, producto_id, cantidad, precio_unitario_historico, comision_historica, estado_operativo) VALUES (1, 1, 1, 1, 450, 45.0, 'entregado');
INSERT INTO valoraciones (detalle_pedido_id, cliente_id, calificacion, comentario) VALUES (1, 7, 4, 'Primerísima calidad. Los acabados son hermosos y justo como se veían en las fotos.');
INSERT INTO pedidos (id, cliente_id, monto_total, direccion_envio, estado, fecha_creacion) VALUES (2, 9, 450, 'Domicilio Conocido', 'completado', '2026-06-01 17:18:54.787291');
INSERT INTO detalles_pedido (id, pedido_id, producto_id, cantidad, precio_unitario_historico, comision_historica, estado_operativo) VALUES (2, 2, 1, 1, 450, 45.0, 'entregado');
INSERT INTO valoraciones (detalle_pedido_id, cliente_id, calificacion, comentario) VALUES (2, 9, 4, 'Hicieron que nuestro evento fuera inolvidable. Cuidaron cada detalle. ¡Mil gracias!');
INSERT INTO pedidos (id, cliente_id, monto_total, direccion_envio, estado, fecha_creacion) VALUES (3, 10, 600, 'Domicilio Conocido', 'completado', '2026-05-27 17:18:54.787291');
INSERT INTO detalles_pedido (id, pedido_id, producto_id, cantidad, precio_unitario_historico, comision_historica, estado_operativo) VALUES (3, 3, 2, 1, 600, 60.0, 'entregado');
INSERT INTO valoraciones (detalle_pedido_id, cliente_id, calificacion, comentario) VALUES (3, 10, 4, 'Muy profesionales. La atención fue increíble y el día del evento no me preocupé por nada. 100% recomendados.');
INSERT INTO pedidos (id, cliente_id, monto_total, direccion_envio, estado, fecha_creacion) VALUES (4, 12, 750, 'Domicilio Conocido', 'completado', '2026-06-13 17:18:54.787291');
INSERT INTO detalles_pedido (id, pedido_id, producto_id, cantidad, precio_unitario_historico, comision_historica, estado_operativo) VALUES (4, 4, 3, 1, 750, 75.0, 'entregado');
INSERT INTO valoraciones (detalle_pedido_id, cliente_id, calificacion, comentario) VALUES (4, 12, 4, 'Muy profesionales. La atención fue increíble y el día del evento no me preocupé por nada. 100% recomendados.');
INSERT INTO pedidos (id, cliente_id, monto_total, direccion_envio, estado, fecha_creacion) VALUES (5, 16, 750, 'Domicilio Conocido', 'completado', '2026-06-03 17:18:54.787291');
INSERT INTO detalles_pedido (id, pedido_id, producto_id, cantidad, precio_unitario_historico, comision_historica, estado_operativo) VALUES (5, 5, 3, 1, 750, 75.0, 'entregado');
INSERT INTO valoraciones (detalle_pedido_id, cliente_id, calificacion, comentario) VALUES (5, 16, 4, '¡Excelente! Todo llegó a tiempo y la calidad superó mis expectativas. Mis invitados quedaron fascinados.');
INSERT INTO pedidos (id, cliente_id, monto_total, direccion_envio, estado, fecha_creacion) VALUES (6, 9, 500, 'Domicilio Conocido', 'completado', '2026-05-23 17:18:54.787291');
INSERT INTO detalles_pedido (id, pedido_id, producto_id, cantidad, precio_unitario_historico, comision_historica, estado_operativo) VALUES (6, 6, 4, 1, 500, 50.0, 'entregado');
INSERT INTO valoraciones (detalle_pedido_id, cliente_id, calificacion, comentario) VALUES (6, 9, 4, 'Hicieron que nuestro evento fuera inolvidable. Cuidaron cada detalle. ¡Mil gracias!');
INSERT INTO pedidos (id, cliente_id, monto_total, direccion_envio, estado, fecha_creacion) VALUES (7, 12, 850, 'Domicilio Conocido', 'completado', '2026-06-12 17:18:54.787291');
INSERT INTO detalles_pedido (id, pedido_id, producto_id, cantidad, precio_unitario_historico, comision_historica, estado_operativo) VALUES (7, 7, 5, 1, 850, 85.0, 'entregado');
INSERT INTO valoraciones (detalle_pedido_id, cliente_id, calificacion, comentario) VALUES (7, 12, 5, 'Muy profesionales. La atención fue increíble y el día del evento no me preocupé por nada. 100% recomendados.');
INSERT INTO pedidos (id, cliente_id, monto_total, direccion_envio, estado, fecha_creacion) VALUES (8, 15, 650, 'Domicilio Conocido', 'completado', '2026-06-04 17:18:54.787291');
INSERT INTO detalles_pedido (id, pedido_id, producto_id, cantidad, precio_unitario_historico, comision_historica, estado_operativo) VALUES (8, 8, 6, 1, 650, 65.0, 'entregado');
INSERT INTO valoraciones (detalle_pedido_id, cliente_id, calificacion, comentario) VALUES (8, 15, 5, '¡Excelente! Todo llegó a tiempo y la calidad superó mis expectativas. Mis invitados quedaron fascinados.');
INSERT INTO pedidos (id, cliente_id, monto_total, direccion_envio, estado, fecha_creacion) VALUES (9, 15, 300, 'Domicilio Conocido', 'completado', '2026-06-01 17:18:54.787291');
INSERT INTO detalles_pedido (id, pedido_id, producto_id, cantidad, precio_unitario_historico, comision_historica, estado_operativo) VALUES (9, 9, 7, 1, 300, 30.0, 'entregado');
INSERT INTO valoraciones (detalle_pedido_id, cliente_id, calificacion, comentario) VALUES (9, 15, 4, 'Valió cada peso invertido. La puntualidad, la presentación y la amabilidad fueron impecables.');
INSERT INTO pedidos (id, cliente_id, monto_total, direccion_envio, estado, fecha_creacion) VALUES (10, 12, 150, 'Domicilio Conocido', 'completado', '2026-06-14 17:18:54.787291');
INSERT INTO detalles_pedido (id, pedido_id, producto_id, cantidad, precio_unitario_historico, comision_historica, estado_operativo) VALUES (10, 10, 8, 1, 150, 15.0, 'entregado');
INSERT INTO valoraciones (detalle_pedido_id, cliente_id, calificacion, comentario) VALUES (10, 12, 5, 'Valió cada peso invertido. La puntualidad, la presentación y la amabilidad fueron impecables.');
INSERT INTO pedidos (id, cliente_id, monto_total, direccion_envio, estado, fecha_creacion) VALUES (11, 8, 150, 'Domicilio Conocido', 'completado', '2026-05-22 17:18:54.787291');
INSERT INTO detalles_pedido (id, pedido_id, producto_id, cantidad, precio_unitario_historico, comision_historica, estado_operativo) VALUES (11, 11, 8, 1, 150, 15.0, 'entregado');
INSERT INTO valoraciones (detalle_pedido_id, cliente_id, calificacion, comentario) VALUES (11, 8, 5, 'Hicieron que nuestro evento fuera inolvidable. Cuidaron cada detalle. ¡Mil gracias!');
INSERT INTO pedidos (id, cliente_id, monto_total, direccion_envio, estado, fecha_creacion) VALUES (12, 9, 450, 'Domicilio Conocido', 'completado', '2026-06-13 17:18:54.787291');
INSERT INTO detalles_pedido (id, pedido_id, producto_id, cantidad, precio_unitario_historico, comision_historica, estado_operativo) VALUES (12, 12, 9, 1, 450, 45.0, 'entregado');
INSERT INTO valoraciones (detalle_pedido_id, cliente_id, calificacion, comentario) VALUES (12, 9, 5, 'Muy profesionales. La atención fue increíble y el día del evento no me preocupé por nada. 100% recomendados.');
INSERT INTO pedidos (id, cliente_id, monto_total, direccion_envio, estado, fecha_creacion) VALUES (13, 11, 450, 'Domicilio Conocido', 'completado', '2026-06-08 17:18:54.787291');
INSERT INTO detalles_pedido (id, pedido_id, producto_id, cantidad, precio_unitario_historico, comision_historica, estado_operativo) VALUES (13, 13, 9, 1, 450, 45.0, 'entregado');
INSERT INTO valoraciones (detalle_pedido_id, cliente_id, calificacion, comentario) VALUES (13, 11, 4, 'Muy profesionales. La atención fue increíble y el día del evento no me preocupé por nada. 100% recomendados.');
INSERT INTO pedidos (id, cliente_id, monto_total, direccion_envio, estado, fecha_creacion) VALUES (14, 14, 800, 'Domicilio Conocido', 'completado', '2026-06-13 17:18:54.787291');
INSERT INTO detalles_pedido (id, pedido_id, producto_id, cantidad, precio_unitario_historico, comision_historica, estado_operativo) VALUES (14, 14, 10, 1, 800, 80.0, 'entregado');
INSERT INTO valoraciones (detalle_pedido_id, cliente_id, calificacion, comentario) VALUES (14, 14, 4, 'Hicieron que nuestro evento fuera inolvidable. Cuidaron cada detalle. ¡Mil gracias!');
INSERT INTO pedidos (id, cliente_id, monto_total, direccion_envio, estado, fecha_creacion) VALUES (15, 7, 800, 'Domicilio Conocido', 'completado', '2026-06-10 17:18:54.787291');
INSERT INTO detalles_pedido (id, pedido_id, producto_id, cantidad, precio_unitario_historico, comision_historica, estado_operativo) VALUES (15, 15, 10, 1, 800, 80.0, 'entregado');
INSERT INTO valoraciones (detalle_pedido_id, cliente_id, calificacion, comentario) VALUES (15, 7, 4, '¡Excelente! Todo llegó a tiempo y la calidad superó mis expectativas. Mis invitados quedaron fascinados.');
INSERT INTO pedidos (id, cliente_id, monto_total, direccion_envio, estado, fecha_creacion) VALUES (16, 8, 350, 'Domicilio Conocido', 'completado', '2026-05-28 17:18:54.787291');
INSERT INTO detalles_pedido (id, pedido_id, producto_id, cantidad, precio_unitario_historico, comision_historica, estado_operativo) VALUES (16, 16, 11, 1, 350, 35.0, 'entregado');
INSERT INTO valoraciones (detalle_pedido_id, cliente_id, calificacion, comentario) VALUES (16, 8, 5, 'Hicieron que nuestro evento fuera inolvidable. Cuidaron cada detalle. ¡Mil gracias!');
INSERT INTO pedidos (id, cliente_id, monto_total, direccion_envio, estado, fecha_creacion) VALUES (17, 10, 1200, 'Domicilio Conocido', 'completado', '2026-05-17 17:18:54.787291');
INSERT INTO detalles_pedido (id, pedido_id, producto_id, cantidad, precio_unitario_historico, comision_historica, estado_operativo) VALUES (17, 17, 12, 1, 1200, 120.0, 'entregado');
INSERT INTO valoraciones (detalle_pedido_id, cliente_id, calificacion, comentario) VALUES (17, 10, 4, 'Muy profesionales. La atención fue increíble y el día del evento no me preocupé por nada. 100% recomendados.');
INSERT INTO pedidos (id, cliente_id, monto_total, direccion_envio, estado, fecha_creacion) VALUES (18, 8, 2500, 'Domicilio Conocido', 'completado', '2026-05-23 17:18:54.787291');
INSERT INTO detalles_pedido (id, pedido_id, producto_id, cantidad, precio_unitario_historico, comision_historica, estado_operativo) VALUES (18, 18, 13, 1, 2500, 250.0, 'entregado');
INSERT INTO valoraciones (detalle_pedido_id, cliente_id, calificacion, comentario) VALUES (18, 8, 5, 'Hicieron que nuestro evento fuera inolvidable. Cuidaron cada detalle. ¡Mil gracias!');
INSERT INTO pedidos (id, cliente_id, monto_total, direccion_envio, estado, fecha_creacion) VALUES (19, 16, 2500, 'Domicilio Conocido', 'completado', '2026-05-22 17:18:54.787291');
INSERT INTO detalles_pedido (id, pedido_id, producto_id, cantidad, precio_unitario_historico, comision_historica, estado_operativo) VALUES (19, 19, 13, 1, 2500, 250.0, 'entregado');
INSERT INTO valoraciones (detalle_pedido_id, cliente_id, calificacion, comentario) VALUES (19, 16, 5, '¡Excelente! Todo llegó a tiempo y la calidad superó mis expectativas. Mis invitados quedaron fascinados.');
INSERT INTO pedidos (id, cliente_id, monto_total, direccion_envio, estado, fecha_creacion) VALUES (20, 13, 400, 'Domicilio Conocido', 'completado', '2026-05-23 17:18:54.787291');
INSERT INTO detalles_pedido (id, pedido_id, producto_id, cantidad, precio_unitario_historico, comision_historica, estado_operativo) VALUES (20, 20, 14, 1, 400, 40.0, 'entregado');
INSERT INTO valoraciones (detalle_pedido_id, cliente_id, calificacion, comentario) VALUES (20, 13, 4, 'Primerísima calidad. Los acabados son hermosos y justo como se veían en las fotos.');
INSERT INTO pedidos (id, cliente_id, monto_total, direccion_envio, estado, fecha_creacion) VALUES (21, 14, 400, 'Domicilio Conocido', 'completado', '2026-05-22 17:18:54.787291');
INSERT INTO detalles_pedido (id, pedido_id, producto_id, cantidad, precio_unitario_historico, comision_historica, estado_operativo) VALUES (21, 21, 14, 1, 400, 40.0, 'entregado');
INSERT INTO valoraciones (detalle_pedido_id, cliente_id, calificacion, comentario) VALUES (21, 14, 5, '¡Excelente! Todo llegó a tiempo y la calidad superó mis expectativas. Mis invitados quedaron fascinados.');
INSERT INTO pedidos (id, cliente_id, monto_total, direccion_envio, estado, fecha_creacion) VALUES (22, 9, 850, 'Domicilio Conocido', 'completado', '2026-05-24 17:18:54.787291');
INSERT INTO detalles_pedido (id, pedido_id, producto_id, cantidad, precio_unitario_historico, comision_historica, estado_operativo) VALUES (22, 22, 15, 1, 850, 85.0, 'entregado');
INSERT INTO valoraciones (detalle_pedido_id, cliente_id, calificacion, comentario) VALUES (22, 9, 5, '¡Excelente! Todo llegó a tiempo y la calidad superó mis expectativas. Mis invitados quedaron fascinados.');
INSERT INTO pedidos (id, cliente_id, monto_total, direccion_envio, estado, fecha_creacion) VALUES (23, 14, 850, 'Domicilio Conocido', 'completado', '2026-05-18 17:18:54.787291');
INSERT INTO detalles_pedido (id, pedido_id, producto_id, cantidad, precio_unitario_historico, comision_historica, estado_operativo) VALUES (23, 23, 15, 1, 850, 85.0, 'entregado');
INSERT INTO valoraciones (detalle_pedido_id, cliente_id, calificacion, comentario) VALUES (23, 14, 4, '¡Excelente! Todo llegó a tiempo y la calidad superó mis expectativas. Mis invitados quedaron fascinados.');
INSERT INTO pedidos (id, cliente_id, monto_total, direccion_envio, estado, fecha_creacion) VALUES (24, 10, 850, 'Domicilio Conocido', 'completado', '2026-06-14 17:18:54.787291');
INSERT INTO detalles_pedido (id, pedido_id, producto_id, cantidad, precio_unitario_historico, comision_historica, estado_operativo) VALUES (24, 24, 15, 1, 850, 85.0, 'entregado');
INSERT INTO valoraciones (detalle_pedido_id, cliente_id, calificacion, comentario) VALUES (24, 10, 4, 'Hicieron que nuestro evento fuera inolvidable. Cuidaron cada detalle. ¡Mil gracias!');
INSERT INTO pedidos (id, cliente_id, monto_total, direccion_envio, estado, fecha_creacion) VALUES (25, 13, 250, 'Domicilio Conocido', 'completado', '2026-05-28 17:18:54.787291');
INSERT INTO detalles_pedido (id, pedido_id, producto_id, cantidad, precio_unitario_historico, comision_historica, estado_operativo) VALUES (25, 25, 16, 1, 250, 25.0, 'entregado');
INSERT INTO valoraciones (detalle_pedido_id, cliente_id, calificacion, comentario) VALUES (25, 13, 4, '¡Excelente! Todo llegó a tiempo y la calidad superó mis expectativas. Mis invitados quedaron fascinados.');
INSERT INTO pedidos (id, cliente_id, monto_total, direccion_envio, estado, fecha_creacion) VALUES (26, 7, 250, 'Domicilio Conocido', 'completado', '2026-06-06 17:18:54.787291');
INSERT INTO detalles_pedido (id, pedido_id, producto_id, cantidad, precio_unitario_historico, comision_historica, estado_operativo) VALUES (26, 26, 16, 1, 250, 25.0, 'entregado');
INSERT INTO valoraciones (detalle_pedido_id, cliente_id, calificacion, comentario) VALUES (26, 7, 4, 'Hicieron que nuestro evento fuera inolvidable. Cuidaron cada detalle. ¡Mil gracias!');
INSERT INTO pedidos (id, cliente_id, monto_total, direccion_envio, estado, fecha_creacion) VALUES (27, 16, 250, 'Domicilio Conocido', 'completado', '2026-06-14 17:18:54.787291');
INSERT INTO detalles_pedido (id, pedido_id, producto_id, cantidad, precio_unitario_historico, comision_historica, estado_operativo) VALUES (27, 27, 16, 1, 250, 25.0, 'entregado');
INSERT INTO valoraciones (detalle_pedido_id, cliente_id, calificacion, comentario) VALUES (27, 16, 4, 'Muy profesionales. La atención fue increíble y el día del evento no me preocupé por nada. 100% recomendados.');
INSERT INTO pedidos (id, cliente_id, monto_total, direccion_envio, estado, fecha_creacion) VALUES (28, 10, 1100, 'Domicilio Conocido', 'completado', '2026-05-23 17:18:54.787291');
INSERT INTO detalles_pedido (id, pedido_id, producto_id, cantidad, precio_unitario_historico, comision_historica, estado_operativo) VALUES (28, 28, 17, 1, 1100, 110.0, 'entregado');
INSERT INTO valoraciones (detalle_pedido_id, cliente_id, calificacion, comentario) VALUES (28, 10, 5, 'Muy profesionales. La atención fue increíble y el día del evento no me preocupé por nada. 100% recomendados.');
INSERT INTO pedidos (id, cliente_id, monto_total, direccion_envio, estado, fecha_creacion) VALUES (29, 11, 1100, 'Domicilio Conocido', 'completado', '2026-05-19 17:18:54.787291');
INSERT INTO detalles_pedido (id, pedido_id, producto_id, cantidad, precio_unitario_historico, comision_historica, estado_operativo) VALUES (29, 29, 17, 1, 1100, 110.0, 'entregado');
INSERT INTO valoraciones (detalle_pedido_id, cliente_id, calificacion, comentario) VALUES (29, 11, 4, 'Hicieron que nuestro evento fuera inolvidable. Cuidaron cada detalle. ¡Mil gracias!');
INSERT INTO pedidos (id, cliente_id, monto_total, direccion_envio, estado, fecha_creacion) VALUES (30, 12, 1100, 'Domicilio Conocido', 'completado', '2026-05-30 17:18:54.787291');
INSERT INTO detalles_pedido (id, pedido_id, producto_id, cantidad, precio_unitario_historico, comision_historica, estado_operativo) VALUES (30, 30, 17, 1, 1100, 110.0, 'entregado');
INSERT INTO valoraciones (detalle_pedido_id, cliente_id, calificacion, comentario) VALUES (30, 12, 4, 'Primerísima calidad. Los acabados son hermosos y justo como se veían en las fotos.');
INSERT INTO pedidos (id, cliente_id, monto_total, direccion_envio, estado, fecha_creacion) VALUES (31, 16, 650, 'Domicilio Conocido', 'completado', '2026-06-04 17:18:54.787291');
INSERT INTO detalles_pedido (id, pedido_id, producto_id, cantidad, precio_unitario_historico, comision_historica, estado_operativo) VALUES (31, 31, 18, 1, 650, 65.0, 'entregado');
INSERT INTO valoraciones (detalle_pedido_id, cliente_id, calificacion, comentario) VALUES (31, 16, 4, 'Valió cada peso invertido. La puntualidad, la presentación y la amabilidad fueron impecables.');
INSERT INTO pedidos (id, cliente_id, monto_total, direccion_envio, estado, fecha_creacion) VALUES (32, 12, 650, 'Domicilio Conocido', 'completado', '2026-06-01 17:18:54.787291');
INSERT INTO detalles_pedido (id, pedido_id, producto_id, cantidad, precio_unitario_historico, comision_historica, estado_operativo) VALUES (32, 32, 18, 1, 650, 65.0, 'entregado');
INSERT INTO valoraciones (detalle_pedido_id, cliente_id, calificacion, comentario) VALUES (32, 12, 4, '¡Excelente! Todo llegó a tiempo y la calidad superó mis expectativas. Mis invitados quedaron fascinados.');
INSERT INTO pedidos (id, cliente_id, monto_total, direccion_envio, estado, fecha_creacion) VALUES (33, 11, 300, 'Domicilio Conocido', 'completado', '2026-05-29 17:18:54.787291');
INSERT INTO detalles_pedido (id, pedido_id, producto_id, cantidad, precio_unitario_historico, comision_historica, estado_operativo) VALUES (33, 33, 19, 1, 300, 30.0, 'entregado');
INSERT INTO valoraciones (detalle_pedido_id, cliente_id, calificacion, comentario) VALUES (33, 11, 5, 'Muy profesionales. La atención fue increíble y el día del evento no me preocupé por nada. 100% recomendados.');
INSERT INTO pedidos (id, cliente_id, monto_total, direccion_envio, estado, fecha_creacion) VALUES (34, 9, 900, 'Domicilio Conocido', 'completado', '2026-06-06 17:18:54.787291');
INSERT INTO detalles_pedido (id, pedido_id, producto_id, cantidad, precio_unitario_historico, comision_historica, estado_operativo) VALUES (34, 34, 20, 1, 900, 90.0, 'entregado');
INSERT INTO valoraciones (detalle_pedido_id, cliente_id, calificacion, comentario) VALUES (34, 9, 4, 'Primerísima calidad. Los acabados son hermosos y justo como se veían en las fotos.');
INSERT INTO pedidos (id, cliente_id, monto_total, direccion_envio, estado, fecha_creacion) VALUES (35, 11, 900, 'Domicilio Conocido', 'completado', '2026-05-25 17:18:54.787291');
INSERT INTO detalles_pedido (id, pedido_id, producto_id, cantidad, precio_unitario_historico, comision_historica, estado_operativo) VALUES (35, 35, 20, 1, 900, 90.0, 'entregado');
INSERT INTO valoraciones (detalle_pedido_id, cliente_id, calificacion, comentario) VALUES (35, 11, 5, 'Valió cada peso invertido. La puntualidad, la presentación y la amabilidad fueron impecables.');
INSERT INTO pedidos (id, cliente_id, monto_total, direccion_envio, estado, fecha_creacion) VALUES (36, 14, 1500, 'Domicilio Conocido', 'completado', '2026-06-09 17:18:54.787291');
INSERT INTO detalles_pedido (id, pedido_id, producto_id, cantidad, precio_unitario_historico, comision_historica, estado_operativo) VALUES (36, 36, 21, 1, 1500, 150.0, 'entregado');
INSERT INTO valoraciones (detalle_pedido_id, cliente_id, calificacion, comentario) VALUES (36, 14, 4, 'Muy profesionales. La atención fue increíble y el día del evento no me preocupé por nada. 100% recomendados.');
INSERT INTO pedidos (id, cliente_id, monto_total, direccion_envio, estado, fecha_creacion) VALUES (37, 13, 1500, 'Domicilio Conocido', 'completado', '2026-05-30 17:18:54.787291');
INSERT INTO detalles_pedido (id, pedido_id, producto_id, cantidad, precio_unitario_historico, comision_historica, estado_operativo) VALUES (37, 37, 21, 1, 1500, 150.0, 'entregado');
INSERT INTO valoraciones (detalle_pedido_id, cliente_id, calificacion, comentario) VALUES (37, 13, 4, 'Hicieron que nuestro evento fuera inolvidable. Cuidaron cada detalle. ¡Mil gracias!');
INSERT INTO pedidos (id, cliente_id, monto_total, direccion_envio, estado, fecha_creacion) VALUES (38, 10, 650, 'Domicilio Conocido', 'completado', '2026-05-25 17:18:54.787291');
INSERT INTO detalles_pedido (id, pedido_id, producto_id, cantidad, precio_unitario_historico, comision_historica, estado_operativo) VALUES (38, 38, 22, 1, 650, 65.0, 'entregado');
INSERT INTO valoraciones (detalle_pedido_id, cliente_id, calificacion, comentario) VALUES (38, 10, 4, 'Valió cada peso invertido. La puntualidad, la presentación y la amabilidad fueron impecables.');
INSERT INTO pedidos (id, cliente_id, monto_total, direccion_envio, estado, fecha_creacion) VALUES (39, 14, 650, 'Domicilio Conocido', 'completado', '2026-06-13 17:18:54.787291');
INSERT INTO detalles_pedido (id, pedido_id, producto_id, cantidad, precio_unitario_historico, comision_historica, estado_operativo) VALUES (39, 39, 22, 1, 650, 65.0, 'entregado');
INSERT INTO valoraciones (detalle_pedido_id, cliente_id, calificacion, comentario) VALUES (39, 14, 5, 'Valió cada peso invertido. La puntualidad, la presentación y la amabilidad fueron impecables.');
INSERT INTO pedidos (id, cliente_id, monto_total, direccion_envio, estado, fecha_creacion) VALUES (40, 7, 650, 'Domicilio Conocido', 'completado', '2026-06-07 17:18:54.787291');
INSERT INTO detalles_pedido (id, pedido_id, producto_id, cantidad, precio_unitario_historico, comision_historica, estado_operativo) VALUES (40, 40, 22, 1, 650, 65.0, 'entregado');
INSERT INTO valoraciones (detalle_pedido_id, cliente_id, calificacion, comentario) VALUES (40, 7, 4, 'Primerísima calidad. Los acabados son hermosos y justo como se veían en las fotos.');
INSERT INTO pedidos (id, cliente_id, monto_total, direccion_envio, estado, fecha_creacion) VALUES (41, 8, 700, 'Domicilio Conocido', 'completado', '2026-06-02 17:18:54.787291');
INSERT INTO detalles_pedido (id, pedido_id, producto_id, cantidad, precio_unitario_historico, comision_historica, estado_operativo) VALUES (41, 41, 23, 1, 700, 70.0, 'entregado');
INSERT INTO valoraciones (detalle_pedido_id, cliente_id, calificacion, comentario) VALUES (41, 8, 4, 'Primerísima calidad. Los acabados son hermosos y justo como se veían en las fotos.');
INSERT INTO pedidos (id, cliente_id, monto_total, direccion_envio, estado, fecha_creacion) VALUES (42, 10, 700, 'Domicilio Conocido', 'completado', '2026-06-05 17:18:54.787291');
INSERT INTO detalles_pedido (id, pedido_id, producto_id, cantidad, precio_unitario_historico, comision_historica, estado_operativo) VALUES (42, 42, 23, 1, 700, 70.0, 'entregado');
INSERT INTO valoraciones (detalle_pedido_id, cliente_id, calificacion, comentario) VALUES (42, 10, 5, '¡Excelente! Todo llegó a tiempo y la calidad superó mis expectativas. Mis invitados quedaron fascinados.');
INSERT INTO pedidos (id, cliente_id, monto_total, direccion_envio, estado, fecha_creacion) VALUES (43, 7, 700, 'Domicilio Conocido', 'completado', '2026-05-24 17:18:54.787291');
INSERT INTO detalles_pedido (id, pedido_id, producto_id, cantidad, precio_unitario_historico, comision_historica, estado_operativo) VALUES (43, 43, 23, 1, 700, 70.0, 'entregado');
INSERT INTO valoraciones (detalle_pedido_id, cliente_id, calificacion, comentario) VALUES (43, 7, 4, 'Primerísima calidad. Los acabados son hermosos y justo como se veían en las fotos.');
INSERT INTO pedidos (id, cliente_id, monto_total, direccion_envio, estado, fecha_creacion) VALUES (44, 8, 1200, 'Domicilio Conocido', 'completado', '2026-05-19 17:18:54.787291');
INSERT INTO detalles_pedido (id, pedido_id, producto_id, cantidad, precio_unitario_historico, comision_historica, estado_operativo) VALUES (44, 44, 24, 1, 1200, 120.0, 'entregado');
INSERT INTO valoraciones (detalle_pedido_id, cliente_id, calificacion, comentario) VALUES (44, 8, 5, 'Hicieron que nuestro evento fuera inolvidable. Cuidaron cada detalle. ¡Mil gracias!');
INSERT INTO pedidos (id, cliente_id, monto_total, direccion_envio, estado, fecha_creacion) VALUES (45, 16, 1200, 'Domicilio Conocido', 'completado', '2026-05-21 17:18:54.787291');
INSERT INTO detalles_pedido (id, pedido_id, producto_id, cantidad, precio_unitario_historico, comision_historica, estado_operativo) VALUES (45, 45, 24, 1, 1200, 120.0, 'entregado');
INSERT INTO valoraciones (detalle_pedido_id, cliente_id, calificacion, comentario) VALUES (45, 16, 5, '¡Excelente! Todo llegó a tiempo y la calidad superó mis expectativas. Mis invitados quedaron fascinados.');
INSERT INTO pedidos (id, cliente_id, monto_total, direccion_envio, estado, fecha_creacion) VALUES (46, 15, 1800, 'Domicilio Conocido', 'completado', '2026-05-20 17:18:54.787291');
INSERT INTO detalles_pedido (id, pedido_id, producto_id, cantidad, precio_unitario_historico, comision_historica, estado_operativo) VALUES (46, 46, 25, 1, 1800, 180.0, 'entregado');
INSERT INTO valoraciones (detalle_pedido_id, cliente_id, calificacion, comentario) VALUES (46, 15, 5, 'Hicieron que nuestro evento fuera inolvidable. Cuidaron cada detalle. ¡Mil gracias!');
INSERT INTO pedidos (id, cliente_id, monto_total, direccion_envio, estado, fecha_creacion) VALUES (47, 12, 1800, 'Domicilio Conocido', 'completado', '2026-06-09 17:18:54.787291');
INSERT INTO detalles_pedido (id, pedido_id, producto_id, cantidad, precio_unitario_historico, comision_historica, estado_operativo) VALUES (47, 47, 25, 1, 1800, 180.0, 'entregado');
INSERT INTO valoraciones (detalle_pedido_id, cliente_id, calificacion, comentario) VALUES (47, 12, 5, 'Muy profesionales. La atención fue increíble y el día del evento no me preocupé por nada. 100% recomendados.');
INSERT INTO pedidos (id, cliente_id, monto_total, direccion_envio, estado, fecha_creacion) VALUES (48, 7, 950, 'Domicilio Conocido', 'completado', '2026-06-05 17:18:54.787291');
INSERT INTO detalles_pedido (id, pedido_id, producto_id, cantidad, precio_unitario_historico, comision_historica, estado_operativo) VALUES (48, 48, 26, 1, 950, 95.0, 'entregado');
INSERT INTO valoraciones (detalle_pedido_id, cliente_id, calificacion, comentario) VALUES (48, 7, 4, 'Primerísima calidad. Los acabados son hermosos y justo como se veían en las fotos.');
INSERT INTO pedidos (id, cliente_id, monto_total, direccion_envio, estado, fecha_creacion) VALUES (49, 16, 950, 'Domicilio Conocido', 'completado', '2026-05-17 17:18:54.787291');
INSERT INTO detalles_pedido (id, pedido_id, producto_id, cantidad, precio_unitario_historico, comision_historica, estado_operativo) VALUES (49, 49, 26, 1, 950, 95.0, 'entregado');
INSERT INTO valoraciones (detalle_pedido_id, cliente_id, calificacion, comentario) VALUES (49, 16, 4, 'Hicieron que nuestro evento fuera inolvidable. Cuidaron cada detalle. ¡Mil gracias!');
INSERT INTO pedidos (id, cliente_id, monto_total, direccion_envio, estado, fecha_creacion) VALUES (50, 12, 800, 'Domicilio Conocido', 'completado', '2026-05-21 17:18:54.787291');
INSERT INTO detalles_pedido (id, pedido_id, producto_id, cantidad, precio_unitario_historico, comision_historica, estado_operativo) VALUES (50, 50, 27, 1, 800, 80.0, 'entregado');
INSERT INTO valoraciones (detalle_pedido_id, cliente_id, calificacion, comentario) VALUES (50, 12, 5, 'Muy profesionales. La atención fue increíble y el día del evento no me preocupé por nada. 100% recomendados.');
INSERT INTO pedidos (id, cliente_id, monto_total, direccion_envio, estado, fecha_creacion) VALUES (51, 9, 800, 'Domicilio Conocido', 'completado', '2026-06-09 17:18:54.787291');
INSERT INTO detalles_pedido (id, pedido_id, producto_id, cantidad, precio_unitario_historico, comision_historica, estado_operativo) VALUES (51, 51, 27, 1, 800, 80.0, 'entregado');
INSERT INTO valoraciones (detalle_pedido_id, cliente_id, calificacion, comentario) VALUES (51, 9, 4, 'Muy profesionales. La atención fue increíble y el día del evento no me preocupé por nada. 100% recomendados.');
INSERT INTO pedidos (id, cliente_id, monto_total, direccion_envio, estado, fecha_creacion) VALUES (52, 13, 800, 'Domicilio Conocido', 'completado', '2026-05-18 17:18:54.787291');
INSERT INTO detalles_pedido (id, pedido_id, producto_id, cantidad, precio_unitario_historico, comision_historica, estado_operativo) VALUES (52, 52, 27, 1, 800, 80.0, 'entregado');
INSERT INTO valoraciones (detalle_pedido_id, cliente_id, calificacion, comentario) VALUES (52, 13, 5, 'Hicieron que nuestro evento fuera inolvidable. Cuidaron cada detalle. ¡Mil gracias!');
INSERT INTO pedidos (id, cliente_id, monto_total, direccion_envio, estado, fecha_creacion) VALUES (53, 13, 450, 'Domicilio Conocido', 'completado', '2026-05-30 17:18:54.787291');
INSERT INTO detalles_pedido (id, pedido_id, producto_id, cantidad, precio_unitario_historico, comision_historica, estado_operativo) VALUES (53, 53, 28, 1, 450, 45.0, 'entregado');
INSERT INTO valoraciones (detalle_pedido_id, cliente_id, calificacion, comentario) VALUES (53, 13, 5, 'Valió cada peso invertido. La puntualidad, la presentación y la amabilidad fueron impecables.');
INSERT INTO pedidos (id, cliente_id, monto_total, direccion_envio, estado, fecha_creacion) VALUES (54, 9, 450, 'Domicilio Conocido', 'completado', '2026-06-11 17:18:54.787291');
INSERT INTO detalles_pedido (id, pedido_id, producto_id, cantidad, precio_unitario_historico, comision_historica, estado_operativo) VALUES (54, 54, 28, 1, 450, 45.0, 'entregado');
INSERT INTO valoraciones (detalle_pedido_id, cliente_id, calificacion, comentario) VALUES (54, 9, 5, 'Muy profesionales. La atención fue increíble y el día del evento no me preocupé por nada. 100% recomendados.');
INSERT INTO pedidos (id, cliente_id, monto_total, direccion_envio, estado, fecha_creacion) VALUES (55, 9, 550, 'Domicilio Conocido', 'completado', '2026-06-04 17:18:54.787291');
INSERT INTO detalles_pedido (id, pedido_id, producto_id, cantidad, precio_unitario_historico, comision_historica, estado_operativo) VALUES (55, 55, 29, 1, 550, 55.0, 'entregado');
INSERT INTO valoraciones (detalle_pedido_id, cliente_id, calificacion, comentario) VALUES (55, 9, 5, 'Valió cada peso invertido. La puntualidad, la presentación y la amabilidad fueron impecables.');
INSERT INTO pedidos (id, cliente_id, monto_total, direccion_envio, estado, fecha_creacion) VALUES (56, 11, 850, 'Domicilio Conocido', 'completado', '2026-06-07 17:18:54.787291');
INSERT INTO detalles_pedido (id, pedido_id, producto_id, cantidad, precio_unitario_historico, comision_historica, estado_operativo) VALUES (56, 56, 30, 1, 850, 85.0, 'entregado');
INSERT INTO valoraciones (detalle_pedido_id, cliente_id, calificacion, comentario) VALUES (56, 11, 5, 'Primerísima calidad. Los acabados son hermosos y justo como se veían en las fotos.');
INSERT INTO pedidos (id, cliente_id, monto_total, direccion_envio, estado, fecha_creacion) VALUES (57, 14, 850, 'Domicilio Conocido', 'completado', '2026-06-06 17:18:54.787291');
INSERT INTO detalles_pedido (id, pedido_id, producto_id, cantidad, precio_unitario_historico, comision_historica, estado_operativo) VALUES (57, 57, 30, 1, 850, 85.0, 'entregado');
INSERT INTO valoraciones (detalle_pedido_id, cliente_id, calificacion, comentario) VALUES (57, 14, 4, '¡Excelente! Todo llegó a tiempo y la calidad superó mis expectativas. Mis invitados quedaron fascinados.');
INSERT INTO pedidos (id, cliente_id, monto_total, direccion_envio, estado, fecha_creacion) VALUES (58, 16, 1800, 'Domicilio Conocido', 'completado', '2026-06-01 17:18:54.787291');
INSERT INTO detalles_pedido (id, pedido_id, producto_id, cantidad, precio_unitario_historico, comision_historica, estado_operativo) VALUES (58, 58, 31, 1, 1800, 180.0, 'entregado');
INSERT INTO valoraciones (detalle_pedido_id, cliente_id, calificacion, comentario) VALUES (58, 16, 4, 'Hicieron que nuestro evento fuera inolvidable. Cuidaron cada detalle. ¡Mil gracias!');
INSERT INTO pedidos (id, cliente_id, monto_total, direccion_envio, estado, fecha_creacion) VALUES (59, 11, 1800, 'Domicilio Conocido', 'completado', '2026-05-21 17:18:54.787291');
INSERT INTO detalles_pedido (id, pedido_id, producto_id, cantidad, precio_unitario_historico, comision_historica, estado_operativo) VALUES (59, 59, 31, 1, 1800, 180.0, 'entregado');
INSERT INTO valoraciones (detalle_pedido_id, cliente_id, calificacion, comentario) VALUES (59, 11, 4, 'Valió cada peso invertido. La puntualidad, la presentación y la amabilidad fueron impecables.');
INSERT INTO pedidos (id, cliente_id, monto_total, direccion_envio, estado, fecha_creacion) VALUES (60, 9, 1500, 'Domicilio Conocido', 'completado', '2026-05-24 17:18:54.787291');
INSERT INTO detalles_pedido (id, pedido_id, producto_id, cantidad, precio_unitario_historico, comision_historica, estado_operativo) VALUES (60, 60, 32, 1, 1500, 150.0, 'entregado');
INSERT INTO valoraciones (detalle_pedido_id, cliente_id, calificacion, comentario) VALUES (60, 9, 4, 'Primerísima calidad. Los acabados son hermosos y justo como se veían en las fotos.');
INSERT INTO pedidos (id, cliente_id, monto_total, direccion_envio, estado, fecha_creacion) VALUES (61, 7, 1500, 'Domicilio Conocido', 'completado', '2026-06-09 17:18:54.787291');
INSERT INTO detalles_pedido (id, pedido_id, producto_id, cantidad, precio_unitario_historico, comision_historica, estado_operativo) VALUES (61, 61, 32, 1, 1500, 150.0, 'entregado');
INSERT INTO valoraciones (detalle_pedido_id, cliente_id, calificacion, comentario) VALUES (61, 7, 4, 'Primerísima calidad. Los acabados son hermosos y justo como se veían en las fotos.');
INSERT INTO pedidos (id, cliente_id, monto_total, direccion_envio, estado, fecha_creacion) VALUES (62, 15, 1200, 'Domicilio Conocido', 'completado', '2026-05-23 17:18:54.787291');
INSERT INTO detalles_pedido (id, pedido_id, producto_id, cantidad, precio_unitario_historico, comision_historica, estado_operativo) VALUES (62, 62, 33, 1, 1200, 120.0, 'entregado');
INSERT INTO valoraciones (detalle_pedido_id, cliente_id, calificacion, comentario) VALUES (62, 15, 4, '¡Excelente! Todo llegó a tiempo y la calidad superó mis expectativas. Mis invitados quedaron fascinados.');
INSERT INTO pedidos (id, cliente_id, monto_total, direccion_envio, estado, fecha_creacion) VALUES (63, 11, 1200, 'Domicilio Conocido', 'completado', '2026-06-01 17:18:54.787291');
INSERT INTO detalles_pedido (id, pedido_id, producto_id, cantidad, precio_unitario_historico, comision_historica, estado_operativo) VALUES (63, 63, 33, 1, 1200, 120.0, 'entregado');
INSERT INTO valoraciones (detalle_pedido_id, cliente_id, calificacion, comentario) VALUES (63, 11, 5, 'Hicieron que nuestro evento fuera inolvidable. Cuidaron cada detalle. ¡Mil gracias!');
INSERT INTO pedidos (id, cliente_id, monto_total, direccion_envio, estado, fecha_creacion) VALUES (64, 11, 800, 'Domicilio Conocido', 'completado', '2026-06-12 17:18:54.787291');
INSERT INTO detalles_pedido (id, pedido_id, producto_id, cantidad, precio_unitario_historico, comision_historica, estado_operativo) VALUES (64, 64, 34, 1, 800, 80.0, 'entregado');
INSERT INTO valoraciones (detalle_pedido_id, cliente_id, calificacion, comentario) VALUES (64, 11, 4, 'Primerísima calidad. Los acabados son hermosos y justo como se veían en las fotos.');
INSERT INTO pedidos (id, cliente_id, monto_total, direccion_envio, estado, fecha_creacion) VALUES (65, 9, 800, 'Domicilio Conocido', 'completado', '2026-06-14 17:18:54.787291');
INSERT INTO detalles_pedido (id, pedido_id, producto_id, cantidad, precio_unitario_historico, comision_historica, estado_operativo) VALUES (65, 65, 34, 1, 800, 80.0, 'entregado');
INSERT INTO valoraciones (detalle_pedido_id, cliente_id, calificacion, comentario) VALUES (65, 9, 5, '¡Excelente! Todo llegó a tiempo y la calidad superó mis expectativas. Mis invitados quedaron fascinados.');
INSERT INTO pedidos (id, cliente_id, monto_total, direccion_envio, estado, fecha_creacion) VALUES (66, 13, 800, 'Domicilio Conocido', 'completado', '2026-05-21 17:18:54.787291');
INSERT INTO detalles_pedido (id, pedido_id, producto_id, cantidad, precio_unitario_historico, comision_historica, estado_operativo) VALUES (66, 66, 34, 1, 800, 80.0, 'entregado');
INSERT INTO valoraciones (detalle_pedido_id, cliente_id, calificacion, comentario) VALUES (66, 13, 5, 'Muy profesionales. La atención fue increíble y el día del evento no me preocupé por nada. 100% recomendados.');
INSERT INTO pedidos (id, cliente_id, monto_total, direccion_envio, estado, fecha_creacion) VALUES (67, 8, 900, 'Domicilio Conocido', 'completado', '2026-05-29 17:18:54.787291');
INSERT INTO detalles_pedido (id, pedido_id, producto_id, cantidad, precio_unitario_historico, comision_historica, estado_operativo) VALUES (67, 67, 35, 1, 900, 90.0, 'entregado');
INSERT INTO valoraciones (detalle_pedido_id, cliente_id, calificacion, comentario) VALUES (67, 8, 4, '¡Excelente! Todo llegó a tiempo y la calidad superó mis expectativas. Mis invitados quedaron fascinados.');
INSERT INTO pedidos (id, cliente_id, monto_total, direccion_envio, estado, fecha_creacion) VALUES (68, 9, 900, 'Domicilio Conocido', 'completado', '2026-06-06 17:18:54.787291');
INSERT INTO detalles_pedido (id, pedido_id, producto_id, cantidad, precio_unitario_historico, comision_historica, estado_operativo) VALUES (68, 68, 35, 1, 900, 90.0, 'entregado');
INSERT INTO valoraciones (detalle_pedido_id, cliente_id, calificacion, comentario) VALUES (68, 9, 4, 'Muy profesionales. La atención fue increíble y el día del evento no me preocupé por nada. 100% recomendados.');
INSERT INTO pedidos (id, cliente_id, monto_total, direccion_envio, estado, fecha_creacion) VALUES (69, 15, 900, 'Domicilio Conocido', 'completado', '2026-06-05 17:18:54.787291');
INSERT INTO detalles_pedido (id, pedido_id, producto_id, cantidad, precio_unitario_historico, comision_historica, estado_operativo) VALUES (69, 69, 35, 1, 900, 90.0, 'entregado');
INSERT INTO valoraciones (detalle_pedido_id, cliente_id, calificacion, comentario) VALUES (69, 15, 4, 'Valió cada peso invertido. La puntualidad, la presentación y la amabilidad fueron impecables.');
INSERT INTO pedidos (id, cliente_id, monto_total, direccion_envio, estado, fecha_creacion) VALUES (70, 16, 1400, 'Domicilio Conocido', 'completado', '2026-05-17 17:18:54.787291');
INSERT INTO detalles_pedido (id, pedido_id, producto_id, cantidad, precio_unitario_historico, comision_historica, estado_operativo) VALUES (70, 70, 36, 1, 1400, 140.0, 'entregado');
INSERT INTO valoraciones (detalle_pedido_id, cliente_id, calificacion, comentario) VALUES (70, 16, 5, 'Hicieron que nuestro evento fuera inolvidable. Cuidaron cada detalle. ¡Mil gracias!');
INSERT INTO pedidos (id, cliente_id, monto_total, direccion_envio, estado, fecha_creacion) VALUES (71, 11, 1400, 'Domicilio Conocido', 'completado', '2026-05-17 17:18:54.787291');
INSERT INTO detalles_pedido (id, pedido_id, producto_id, cantidad, precio_unitario_historico, comision_historica, estado_operativo) VALUES (71, 71, 36, 1, 1400, 140.0, 'entregado');
INSERT INTO valoraciones (detalle_pedido_id, cliente_id, calificacion, comentario) VALUES (71, 11, 5, 'Valió cada peso invertido. La puntualidad, la presentación y la amabilidad fueron impecables.');
INSERT INTO pedidos (id, cliente_id, monto_total, direccion_envio, estado, fecha_creacion) VALUES (72, 13, 1400, 'Domicilio Conocido', 'completado', '2026-05-31 17:18:54.787291');
INSERT INTO detalles_pedido (id, pedido_id, producto_id, cantidad, precio_unitario_historico, comision_historica, estado_operativo) VALUES (72, 72, 36, 1, 1400, 140.0, 'entregado');
INSERT INTO valoraciones (detalle_pedido_id, cliente_id, calificacion, comentario) VALUES (72, 13, 4, 'Primerísima calidad. Los acabados son hermosos y justo como se veían en las fotos.');
INSERT INTO pedidos (id, cliente_id, monto_total, direccion_envio, estado, fecha_creacion) VALUES (73, 15, 600, 'Domicilio Conocido', 'completado', '2026-06-03 17:18:54.787291');
INSERT INTO detalles_pedido (id, pedido_id, producto_id, cantidad, precio_unitario_historico, comision_historica, estado_operativo) VALUES (73, 73, 37, 1, 600, 60.0, 'entregado');
INSERT INTO valoraciones (detalle_pedido_id, cliente_id, calificacion, comentario) VALUES (73, 15, 4, '¡Excelente! Todo llegó a tiempo y la calidad superó mis expectativas. Mis invitados quedaron fascinados.');
INSERT INTO pedidos (id, cliente_id, monto_total, direccion_envio, estado, fecha_creacion) VALUES (74, 13, 600, 'Domicilio Conocido', 'completado', '2026-06-03 17:18:54.787291');
INSERT INTO detalles_pedido (id, pedido_id, producto_id, cantidad, precio_unitario_historico, comision_historica, estado_operativo) VALUES (74, 74, 37, 1, 600, 60.0, 'entregado');
INSERT INTO valoraciones (detalle_pedido_id, cliente_id, calificacion, comentario) VALUES (74, 13, 4, 'Primerísima calidad. Los acabados son hermosos y justo como se veían en las fotos.');
INSERT INTO pedidos (id, cliente_id, monto_total, direccion_envio, estado, fecha_creacion) VALUES (75, 7, 600, 'Domicilio Conocido', 'completado', '2026-06-11 17:18:54.787291');
INSERT INTO detalles_pedido (id, pedido_id, producto_id, cantidad, precio_unitario_historico, comision_historica, estado_operativo) VALUES (75, 75, 37, 1, 600, 60.0, 'entregado');
INSERT INTO valoraciones (detalle_pedido_id, cliente_id, calificacion, comentario) VALUES (75, 7, 4, 'Primerísima calidad. Los acabados son hermosos y justo como se veían en las fotos.');
INSERT INTO pedidos (id, cliente_id, monto_total, direccion_envio, estado, fecha_creacion) VALUES (76, 15, 1600, 'Domicilio Conocido', 'completado', '2026-06-05 17:18:54.787291');
INSERT INTO detalles_pedido (id, pedido_id, producto_id, cantidad, precio_unitario_historico, comision_historica, estado_operativo) VALUES (76, 76, 38, 1, 1600, 160.0, 'entregado');
INSERT INTO valoraciones (detalle_pedido_id, cliente_id, calificacion, comentario) VALUES (76, 15, 5, 'Hicieron que nuestro evento fuera inolvidable. Cuidaron cada detalle. ¡Mil gracias!');
INSERT INTO pedidos (id, cliente_id, monto_total, direccion_envio, estado, fecha_creacion) VALUES (77, 11, 1600, 'Domicilio Conocido', 'completado', '2026-05-23 17:18:54.787291');
INSERT INTO detalles_pedido (id, pedido_id, producto_id, cantidad, precio_unitario_historico, comision_historica, estado_operativo) VALUES (77, 77, 38, 1, 1600, 160.0, 'entregado');
INSERT INTO valoraciones (detalle_pedido_id, cliente_id, calificacion, comentario) VALUES (77, 11, 5, '¡Excelente! Todo llegó a tiempo y la calidad superó mis expectativas. Mis invitados quedaron fascinados.');
INSERT INTO pedidos (id, cliente_id, monto_total, direccion_envio, estado, fecha_creacion) VALUES (78, 9, 1600, 'Domicilio Conocido', 'completado', '2026-06-02 17:18:54.787291');
INSERT INTO detalles_pedido (id, pedido_id, producto_id, cantidad, precio_unitario_historico, comision_historica, estado_operativo) VALUES (78, 78, 38, 1, 1600, 160.0, 'entregado');
INSERT INTO valoraciones (detalle_pedido_id, cliente_id, calificacion, comentario) VALUES (78, 9, 4, 'Primerísima calidad. Los acabados son hermosos y justo como se veían en las fotos.');
INSERT INTO pedidos (id, cliente_id, monto_total, direccion_envio, estado, fecha_creacion) VALUES (79, 7, 750, 'Domicilio Conocido', 'completado', '2026-06-01 17:18:54.787291');
INSERT INTO detalles_pedido (id, pedido_id, producto_id, cantidad, precio_unitario_historico, comision_historica, estado_operativo) VALUES (79, 79, 39, 1, 750, 75.0, 'entregado');
INSERT INTO valoraciones (detalle_pedido_id, cliente_id, calificacion, comentario) VALUES (79, 7, 5, '¡Excelente! Todo llegó a tiempo y la calidad superó mis expectativas. Mis invitados quedaron fascinados.');
INSERT INTO pedidos (id, cliente_id, monto_total, direccion_envio, estado, fecha_creacion) VALUES (80, 10, 750, 'Domicilio Conocido', 'completado', '2026-05-20 17:18:54.787291');
INSERT INTO detalles_pedido (id, pedido_id, producto_id, cantidad, precio_unitario_historico, comision_historica, estado_operativo) VALUES (80, 80, 39, 1, 750, 75.0, 'entregado');
INSERT INTO valoraciones (detalle_pedido_id, cliente_id, calificacion, comentario) VALUES (80, 10, 4, '¡Excelente! Todo llegó a tiempo y la calidad superó mis expectativas. Mis invitados quedaron fascinados.');
INSERT INTO pedidos (id, cliente_id, monto_total, direccion_envio, estado, fecha_creacion) VALUES (81, 12, 750, 'Domicilio Conocido', 'completado', '2026-06-05 17:18:54.787291');
INSERT INTO detalles_pedido (id, pedido_id, producto_id, cantidad, precio_unitario_historico, comision_historica, estado_operativo) VALUES (81, 81, 39, 1, 750, 75.0, 'entregado');
INSERT INTO valoraciones (detalle_pedido_id, cliente_id, calificacion, comentario) VALUES (81, 12, 4, '¡Excelente! Todo llegó a tiempo y la calidad superó mis expectativas. Mis invitados quedaron fascinados.');
INSERT INTO pedidos (id, cliente_id, monto_total, direccion_envio, estado, fecha_creacion) VALUES (82, 9, 2200, 'Domicilio Conocido', 'completado', '2026-06-10 17:18:54.787291');
INSERT INTO detalles_pedido (id, pedido_id, producto_id, cantidad, precio_unitario_historico, comision_historica, estado_operativo) VALUES (82, 82, 40, 1, 2200, 220.0, 'entregado');
INSERT INTO valoraciones (detalle_pedido_id, cliente_id, calificacion, comentario) VALUES (82, 9, 4, '¡Excelente! Todo llegó a tiempo y la calidad superó mis expectativas. Mis invitados quedaron fascinados.');
INSERT INTO pedidos (id, cliente_id, monto_total, direccion_envio, estado, fecha_creacion) VALUES (83, 12, 2200, 'Domicilio Conocido', 'completado', '2026-05-17 17:18:54.787291');
INSERT INTO detalles_pedido (id, pedido_id, producto_id, cantidad, precio_unitario_historico, comision_historica, estado_operativo) VALUES (83, 83, 40, 1, 2200, 220.0, 'entregado');
INSERT INTO valoraciones (detalle_pedido_id, cliente_id, calificacion, comentario) VALUES (83, 12, 5, 'Primerísima calidad. Los acabados son hermosos y justo como se veían en las fotos.');
INSERT INTO pedidos (id, cliente_id, monto_total, direccion_envio, estado, fecha_creacion) VALUES (84, 15, 2200, 'Domicilio Conocido', 'completado', '2026-05-18 17:18:54.787291');
INSERT INTO detalles_pedido (id, pedido_id, producto_id, cantidad, precio_unitario_historico, comision_historica, estado_operativo) VALUES (84, 84, 40, 1, 2200, 220.0, 'entregado');
INSERT INTO valoraciones (detalle_pedido_id, cliente_id, calificacion, comentario) VALUES (84, 15, 5, 'Muy profesionales. La atención fue increíble y el día del evento no me preocupé por nada. 100% recomendados.');
INSERT INTO pedidos (id, cliente_id, monto_total, direccion_envio, estado, fecha_creacion) VALUES (85, 9, 350, 'Domicilio Conocido', 'completado', '2026-06-05 17:18:54.787291');
INSERT INTO detalles_pedido (id, pedido_id, producto_id, cantidad, precio_unitario_historico, comision_historica, estado_operativo) VALUES (85, 85, 41, 1, 350, 35.0, 'entregado');
INSERT INTO valoraciones (detalle_pedido_id, cliente_id, calificacion, comentario) VALUES (85, 9, 4, '¡Excelente! Todo llegó a tiempo y la calidad superó mis expectativas. Mis invitados quedaron fascinados.');
INSERT INTO pedidos (id, cliente_id, monto_total, direccion_envio, estado, fecha_creacion) VALUES (86, 7, 600, 'Domicilio Conocido', 'completado', '2026-06-08 17:18:54.787291');
INSERT INTO detalles_pedido (id, pedido_id, producto_id, cantidad, precio_unitario_historico, comision_historica, estado_operativo) VALUES (86, 86, 42, 1, 600, 60.0, 'entregado');
INSERT INTO valoraciones (detalle_pedido_id, cliente_id, calificacion, comentario) VALUES (86, 7, 5, 'Hicieron que nuestro evento fuera inolvidable. Cuidaron cada detalle. ¡Mil gracias!');
INSERT INTO pedidos (id, cliente_id, monto_total, direccion_envio, estado, fecha_creacion) VALUES (87, 15, 600, 'Domicilio Conocido', 'completado', '2026-05-29 17:18:54.787291');
INSERT INTO detalles_pedido (id, pedido_id, producto_id, cantidad, precio_unitario_historico, comision_historica, estado_operativo) VALUES (87, 87, 42, 1, 600, 60.0, 'entregado');
INSERT INTO valoraciones (detalle_pedido_id, cliente_id, calificacion, comentario) VALUES (87, 15, 4, '¡Excelente! Todo llegó a tiempo y la calidad superó mis expectativas. Mis invitados quedaron fascinados.');
INSERT INTO pedidos (id, cliente_id, monto_total, direccion_envio, estado, fecha_creacion) VALUES (88, 8, 600, 'Domicilio Conocido', 'completado', '2026-05-31 17:18:54.787291');
INSERT INTO detalles_pedido (id, pedido_id, producto_id, cantidad, precio_unitario_historico, comision_historica, estado_operativo) VALUES (88, 88, 42, 1, 600, 60.0, 'entregado');
INSERT INTO valoraciones (detalle_pedido_id, cliente_id, calificacion, comentario) VALUES (88, 8, 5, 'Hicieron que nuestro evento fuera inolvidable. Cuidaron cada detalle. ¡Mil gracias!');
INSERT INTO pedidos (id, cliente_id, monto_total, direccion_envio, estado, fecha_creacion) VALUES (89, 9, 750, 'Domicilio Conocido', 'completado', '2026-05-25 17:18:54.787291');
INSERT INTO detalles_pedido (id, pedido_id, producto_id, cantidad, precio_unitario_historico, comision_historica, estado_operativo) VALUES (89, 89, 43, 1, 750, 75.0, 'entregado');
INSERT INTO valoraciones (detalle_pedido_id, cliente_id, calificacion, comentario) VALUES (89, 9, 5, 'Muy profesionales. La atención fue increíble y el día del evento no me preocupé por nada. 100% recomendados.');
INSERT INTO pedidos (id, cliente_id, monto_total, direccion_envio, estado, fecha_creacion) VALUES (90, 10, 750, 'Domicilio Conocido', 'completado', '2026-05-22 17:18:54.787291');
INSERT INTO detalles_pedido (id, pedido_id, producto_id, cantidad, precio_unitario_historico, comision_historica, estado_operativo) VALUES (90, 90, 43, 1, 750, 75.0, 'entregado');
INSERT INTO valoraciones (detalle_pedido_id, cliente_id, calificacion, comentario) VALUES (90, 10, 5, 'Primerísima calidad. Los acabados son hermosos y justo como se veían en las fotos.');
INSERT INTO pedidos (id, cliente_id, monto_total, direccion_envio, estado, fecha_creacion) VALUES (91, 15, 250, 'Domicilio Conocido', 'completado', '2026-05-23 17:18:54.787291');
INSERT INTO detalles_pedido (id, pedido_id, producto_id, cantidad, precio_unitario_historico, comision_historica, estado_operativo) VALUES (91, 91, 44, 1, 250, 25.0, 'entregado');
INSERT INTO valoraciones (detalle_pedido_id, cliente_id, calificacion, comentario) VALUES (91, 15, 5, 'Primerísima calidad. Los acabados son hermosos y justo como se veían en las fotos.');
INSERT INTO pedidos (id, cliente_id, monto_total, direccion_envio, estado, fecha_creacion) VALUES (92, 12, 450, 'Domicilio Conocido', 'completado', '2026-05-26 17:18:54.787291');
INSERT INTO detalles_pedido (id, pedido_id, producto_id, cantidad, precio_unitario_historico, comision_historica, estado_operativo) VALUES (92, 92, 45, 1, 450, 45.0, 'entregado');
INSERT INTO valoraciones (detalle_pedido_id, cliente_id, calificacion, comentario) VALUES (92, 12, 4, '¡Excelente! Todo llegó a tiempo y la calidad superó mis expectativas. Mis invitados quedaron fascinados.');
INSERT INTO pedidos (id, cliente_id, monto_total, direccion_envio, estado, fecha_creacion) VALUES (93, 15, 450, 'Domicilio Conocido', 'completado', '2026-05-27 17:18:54.787291');
INSERT INTO detalles_pedido (id, pedido_id, producto_id, cantidad, precio_unitario_historico, comision_historica, estado_operativo) VALUES (93, 93, 45, 1, 450, 45.0, 'entregado');
INSERT INTO valoraciones (detalle_pedido_id, cliente_id, calificacion, comentario) VALUES (93, 15, 4, 'Muy profesionales. La atención fue increíble y el día del evento no me preocupé por nada. 100% recomendados.');
INSERT INTO pedidos (id, cliente_id, monto_total, direccion_envio, estado, fecha_creacion) VALUES (94, 11, 600, 'Domicilio Conocido', 'completado', '2026-05-24 17:18:54.787291');
INSERT INTO detalles_pedido (id, pedido_id, producto_id, cantidad, precio_unitario_historico, comision_historica, estado_operativo) VALUES (94, 94, 46, 1, 600, 60.0, 'entregado');
INSERT INTO valoraciones (detalle_pedido_id, cliente_id, calificacion, comentario) VALUES (94, 11, 4, 'Muy profesionales. La atención fue increíble y el día del evento no me preocupé por nada. 100% recomendados.');
INSERT INTO pedidos (id, cliente_id, monto_total, direccion_envio, estado, fecha_creacion) VALUES (95, 8, 600, 'Domicilio Conocido', 'completado', '2026-06-06 17:18:54.787291');
INSERT INTO detalles_pedido (id, pedido_id, producto_id, cantidad, precio_unitario_historico, comision_historica, estado_operativo) VALUES (95, 95, 46, 1, 600, 60.0, 'entregado');
INSERT INTO valoraciones (detalle_pedido_id, cliente_id, calificacion, comentario) VALUES (95, 8, 5, 'Primerísima calidad. Los acabados son hermosos y justo como se veían en las fotos.');
INSERT INTO pedidos (id, cliente_id, monto_total, direccion_envio, estado, fecha_creacion) VALUES (96, 7, 300, 'Domicilio Conocido', 'completado', '2026-06-06 17:18:54.790564');
INSERT INTO detalles_pedido (id, pedido_id, producto_id, cantidad, precio_unitario_historico, comision_historica, estado_operativo) VALUES (96, 96, 47, 1, 300, 30.0, 'entregado');
INSERT INTO valoraciones (detalle_pedido_id, cliente_id, calificacion, comentario) VALUES (96, 7, 4, '¡Excelente! Todo llegó a tiempo y la calidad superó mis expectativas. Mis invitados quedaron fascinados.');
INSERT INTO pedidos (id, cliente_id, monto_total, direccion_envio, estado, fecha_creacion) VALUES (97, 14, 300, 'Domicilio Conocido', 'completado', '2026-05-18 17:18:54.790564');
INSERT INTO detalles_pedido (id, pedido_id, producto_id, cantidad, precio_unitario_historico, comision_historica, estado_operativo) VALUES (97, 97, 47, 1, 300, 30.0, 'entregado');
INSERT INTO valoraciones (detalle_pedido_id, cliente_id, calificacion, comentario) VALUES (97, 14, 4, '¡Excelente! Todo llegó a tiempo y la calidad superó mis expectativas. Mis invitados quedaron fascinados.');
INSERT INTO pedidos (id, cliente_id, monto_total, direccion_envio, estado, fecha_creacion) VALUES (98, 16, 200, 'Domicilio Conocido', 'completado', '2026-05-31 17:18:54.790564');
INSERT INTO detalles_pedido (id, pedido_id, producto_id, cantidad, precio_unitario_historico, comision_historica, estado_operativo) VALUES (98, 98, 48, 1, 200, 20.0, 'entregado');
INSERT INTO valoraciones (detalle_pedido_id, cliente_id, calificacion, comentario) VALUES (98, 16, 5, 'Valió cada peso invertido. La puntualidad, la presentación y la amabilidad fueron impecables.');
INSERT INTO pedidos (id, cliente_id, monto_total, direccion_envio, estado, fecha_creacion) VALUES (99, 13, 200, 'Domicilio Conocido', 'completado', '2026-05-21 17:18:54.790564');
INSERT INTO detalles_pedido (id, pedido_id, producto_id, cantidad, precio_unitario_historico, comision_historica, estado_operativo) VALUES (99, 99, 48, 1, 200, 20.0, 'entregado');
INSERT INTO valoraciones (detalle_pedido_id, cliente_id, calificacion, comentario) VALUES (99, 13, 4, 'Primerísima calidad. Los acabados son hermosos y justo como se veían en las fotos.');
INSERT INTO pedidos (id, cliente_id, monto_total, direccion_envio, estado, fecha_creacion) VALUES (100, 11, 550, 'Domicilio Conocido', 'completado', '2026-05-29 17:18:54.790564');
INSERT INTO detalles_pedido (id, pedido_id, producto_id, cantidad, precio_unitario_historico, comision_historica, estado_operativo) VALUES (100, 100, 49, 1, 550, 55.0, 'entregado');
INSERT INTO valoraciones (detalle_pedido_id, cliente_id, calificacion, comentario) VALUES (100, 11, 4, 'Hicieron que nuestro evento fuera inolvidable. Cuidaron cada detalle. ¡Mil gracias!');
INSERT INTO pedidos (id, cliente_id, monto_total, direccion_envio, estado, fecha_creacion) VALUES (101, 14, 180, 'Domicilio Conocido', 'completado', '2026-06-15 17:18:54.790564');
INSERT INTO detalles_pedido (id, pedido_id, producto_id, cantidad, precio_unitario_historico, comision_historica, estado_operativo) VALUES (101, 101, 50, 1, 180, 18.0, 'entregado');
INSERT INTO valoraciones (detalle_pedido_id, cliente_id, calificacion, comentario) VALUES (101, 14, 5, 'Hicieron que nuestro evento fuera inolvidable. Cuidaron cada detalle. ¡Mil gracias!');
INSERT INTO pedidos (id, cliente_id, monto_total, direccion_envio, estado, fecha_creacion) VALUES (102, 14, 4500, 'Domicilio Conocido', 'completado', '2026-06-04 17:18:54.790564');
INSERT INTO detalles_pedido (id, pedido_id, servicio_id, cantidad, precio_unitario_historico, comision_historica, estado_operativo) VALUES (102, 102, 1, 1, 4500, 450.0, 'entregado');
INSERT INTO valoraciones (detalle_pedido_id, cliente_id, calificacion, comentario) VALUES (102, 14, 4, '¡Excelente! Todo llegó a tiempo y la calidad superó mis expectativas. Mis invitados quedaron fascinados.');
INSERT INTO pedidos (id, cliente_id, monto_total, direccion_envio, estado, fecha_creacion) VALUES (103, 9, 4500, 'Domicilio Conocido', 'completado', '2026-06-13 17:18:54.790564');
INSERT INTO detalles_pedido (id, pedido_id, servicio_id, cantidad, precio_unitario_historico, comision_historica, estado_operativo) VALUES (103, 103, 1, 1, 4500, 450.0, 'entregado');
INSERT INTO valoraciones (detalle_pedido_id, cliente_id, calificacion, comentario) VALUES (103, 9, 4, '¡Excelente! Todo llegó a tiempo y la calidad superó mis expectativas. Mis invitados quedaron fascinados.');
INSERT INTO pedidos (id, cliente_id, monto_total, direccion_envio, estado, fecha_creacion) VALUES (104, 13, 8000, 'Domicilio Conocido', 'completado', '2026-06-05 17:18:54.790564');
INSERT INTO detalles_pedido (id, pedido_id, servicio_id, cantidad, precio_unitario_historico, comision_historica, estado_operativo) VALUES (104, 104, 2, 1, 8000, 800.0, 'entregado');
INSERT INTO valoraciones (detalle_pedido_id, cliente_id, calificacion, comentario) VALUES (104, 13, 4, 'Primerísima calidad. Los acabados son hermosos y justo como se veían en las fotos.');
INSERT INTO pedidos (id, cliente_id, monto_total, direccion_envio, estado, fecha_creacion) VALUES (105, 12, 6500, 'Domicilio Conocido', 'completado', '2026-06-11 17:18:54.790564');
INSERT INTO detalles_pedido (id, pedido_id, servicio_id, cantidad, precio_unitario_historico, comision_historica, estado_operativo) VALUES (105, 105, 3, 1, 6500, 650.0, 'entregado');
INSERT INTO valoraciones (detalle_pedido_id, cliente_id, calificacion, comentario) VALUES (105, 12, 5, 'Valió cada peso invertido. La puntualidad, la presentación y la amabilidad fueron impecables.');
INSERT INTO pedidos (id, cliente_id, monto_total, direccion_envio, estado, fecha_creacion) VALUES (106, 10, 6500, 'Domicilio Conocido', 'completado', '2026-05-19 17:18:54.790564');
INSERT INTO detalles_pedido (id, pedido_id, servicio_id, cantidad, precio_unitario_historico, comision_historica, estado_operativo) VALUES (106, 106, 3, 1, 6500, 650.0, 'entregado');
INSERT INTO valoraciones (detalle_pedido_id, cliente_id, calificacion, comentario) VALUES (106, 10, 4, 'Hicieron que nuestro evento fuera inolvidable. Cuidaron cada detalle. ¡Mil gracias!');
INSERT INTO pedidos (id, cliente_id, monto_total, direccion_envio, estado, fecha_creacion) VALUES (107, 13, 6500, 'Domicilio Conocido', 'completado', '2026-06-07 17:18:54.790564');
INSERT INTO detalles_pedido (id, pedido_id, servicio_id, cantidad, precio_unitario_historico, comision_historica, estado_operativo) VALUES (107, 107, 3, 1, 6500, 650.0, 'entregado');
INSERT INTO valoraciones (detalle_pedido_id, cliente_id, calificacion, comentario) VALUES (107, 13, 4, 'Valió cada peso invertido. La puntualidad, la presentación y la amabilidad fueron impecables.');
INSERT INTO pedidos (id, cliente_id, monto_total, direccion_envio, estado, fecha_creacion) VALUES (108, 15, 3500, 'Domicilio Conocido', 'completado', '2026-06-12 17:18:54.790564');
INSERT INTO detalles_pedido (id, pedido_id, servicio_id, cantidad, precio_unitario_historico, comision_historica, estado_operativo) VALUES (108, 108, 4, 1, 3500, 350.0, 'entregado');
INSERT INTO valoraciones (detalle_pedido_id, cliente_id, calificacion, comentario) VALUES (108, 15, 5, 'Valió cada peso invertido. La puntualidad, la presentación y la amabilidad fueron impecables.');
INSERT INTO pedidos (id, cliente_id, monto_total, direccion_envio, estado, fecha_creacion) VALUES (109, 7, 3500, 'Domicilio Conocido', 'completado', '2026-06-12 17:18:54.790564');
INSERT INTO detalles_pedido (id, pedido_id, servicio_id, cantidad, precio_unitario_historico, comision_historica, estado_operativo) VALUES (109, 109, 4, 1, 3500, 350.0, 'entregado');
INSERT INTO valoraciones (detalle_pedido_id, cliente_id, calificacion, comentario) VALUES (109, 7, 4, '¡Excelente! Todo llegó a tiempo y la calidad superó mis expectativas. Mis invitados quedaron fascinados.');
INSERT INTO pedidos (id, cliente_id, monto_total, direccion_envio, estado, fecha_creacion) VALUES (110, 14, 2500, 'Domicilio Conocido', 'completado', '2026-05-26 17:18:54.790564');
INSERT INTO detalles_pedido (id, pedido_id, servicio_id, cantidad, precio_unitario_historico, comision_historica, estado_operativo) VALUES (110, 110, 5, 1, 2500, 250.0, 'entregado');
INSERT INTO valoraciones (detalle_pedido_id, cliente_id, calificacion, comentario) VALUES (110, 14, 4, 'Muy profesionales. La atención fue increíble y el día del evento no me preocupé por nada. 100% recomendados.');
INSERT INTO pedidos (id, cliente_id, monto_total, direccion_envio, estado, fecha_creacion) VALUES (111, 15, 5500, 'Domicilio Conocido', 'completado', '2026-06-13 17:18:54.790564');
INSERT INTO detalles_pedido (id, pedido_id, servicio_id, cantidad, precio_unitario_historico, comision_historica, estado_operativo) VALUES (111, 111, 6, 1, 5500, 550.0, 'entregado');
INSERT INTO valoraciones (detalle_pedido_id, cliente_id, calificacion, comentario) VALUES (111, 15, 5, 'Primerísima calidad. Los acabados son hermosos y justo como se veían en las fotos.');
INSERT INTO pedidos (id, cliente_id, monto_total, direccion_envio, estado, fecha_creacion) VALUES (112, 14, 5500, 'Domicilio Conocido', 'completado', '2026-06-08 17:18:54.790564');
INSERT INTO detalles_pedido (id, pedido_id, servicio_id, cantidad, precio_unitario_historico, comision_historica, estado_operativo) VALUES (112, 112, 6, 1, 5500, 550.0, 'entregado');
INSERT INTO valoraciones (detalle_pedido_id, cliente_id, calificacion, comentario) VALUES (112, 14, 5, '¡Excelente! Todo llegó a tiempo y la calidad superó mis expectativas. Mis invitados quedaron fascinados.');
INSERT INTO pedidos (id, cliente_id, monto_total, direccion_envio, estado, fecha_creacion) VALUES (113, 11, 5500, 'Domicilio Conocido', 'completado', '2026-06-10 17:18:54.790564');
INSERT INTO detalles_pedido (id, pedido_id, servicio_id, cantidad, precio_unitario_historico, comision_historica, estado_operativo) VALUES (113, 113, 6, 1, 5500, 550.0, 'entregado');
INSERT INTO valoraciones (detalle_pedido_id, cliente_id, calificacion, comentario) VALUES (113, 11, 5, 'Muy profesionales. La atención fue increíble y el día del evento no me preocupé por nada. 100% recomendados.');
INSERT INTO pedidos (id, cliente_id, monto_total, direccion_envio, estado, fecha_creacion) VALUES (114, 14, 2000, 'Domicilio Conocido', 'completado', '2026-06-08 17:18:54.790564');
INSERT INTO detalles_pedido (id, pedido_id, servicio_id, cantidad, precio_unitario_historico, comision_historica, estado_operativo) VALUES (114, 114, 7, 1, 2000, 200.0, 'entregado');
INSERT INTO valoraciones (detalle_pedido_id, cliente_id, calificacion, comentario) VALUES (114, 14, 4, 'Valió cada peso invertido. La puntualidad, la presentación y la amabilidad fueron impecables.');
INSERT INTO pedidos (id, cliente_id, monto_total, direccion_envio, estado, fecha_creacion) VALUES (115, 7, 2000, 'Domicilio Conocido', 'completado', '2026-06-02 17:18:54.790564');
INSERT INTO detalles_pedido (id, pedido_id, servicio_id, cantidad, precio_unitario_historico, comision_historica, estado_operativo) VALUES (115, 115, 7, 1, 2000, 200.0, 'entregado');
INSERT INTO valoraciones (detalle_pedido_id, cliente_id, calificacion, comentario) VALUES (115, 7, 4, 'Muy profesionales. La atención fue increíble y el día del evento no me preocupé por nada. 100% recomendados.');
INSERT INTO pedidos (id, cliente_id, monto_total, direccion_envio, estado, fecha_creacion) VALUES (116, 11, 2000, 'Domicilio Conocido', 'completado', '2026-05-19 17:18:54.790564');
INSERT INTO detalles_pedido (id, pedido_id, servicio_id, cantidad, precio_unitario_historico, comision_historica, estado_operativo) VALUES (116, 116, 7, 1, 2000, 200.0, 'entregado');
INSERT INTO valoraciones (detalle_pedido_id, cliente_id, calificacion, comentario) VALUES (116, 11, 4, '¡Excelente! Todo llegó a tiempo y la calidad superó mis expectativas. Mis invitados quedaron fascinados.');
INSERT INTO pedidos (id, cliente_id, monto_total, direccion_envio, estado, fecha_creacion) VALUES (117, 11, 1500, 'Domicilio Conocido', 'completado', '2026-06-09 17:18:54.790564');
INSERT INTO detalles_pedido (id, pedido_id, servicio_id, cantidad, precio_unitario_historico, comision_historica, estado_operativo) VALUES (117, 117, 8, 1, 1500, 150.0, 'entregado');
INSERT INTO valoraciones (detalle_pedido_id, cliente_id, calificacion, comentario) VALUES (117, 11, 5, 'Valió cada peso invertido. La puntualidad, la presentación y la amabilidad fueron impecables.');
INSERT INTO pedidos (id, cliente_id, monto_total, direccion_envio, estado, fecha_creacion) VALUES (118, 16, 1500, 'Domicilio Conocido', 'completado', '2026-05-31 17:18:54.790564');
INSERT INTO detalles_pedido (id, pedido_id, servicio_id, cantidad, precio_unitario_historico, comision_historica, estado_operativo) VALUES (118, 118, 8, 1, 1500, 150.0, 'entregado');
INSERT INTO valoraciones (detalle_pedido_id, cliente_id, calificacion, comentario) VALUES (118, 16, 5, 'Muy profesionales. La atención fue increíble y el día del evento no me preocupé por nada. 100% recomendados.');
INSERT INTO pedidos (id, cliente_id, monto_total, direccion_envio, estado, fecha_creacion) VALUES (119, 11, 8500, 'Domicilio Conocido', 'completado', '2026-05-30 17:18:54.790564');
INSERT INTO detalles_pedido (id, pedido_id, servicio_id, cantidad, precio_unitario_historico, comision_historica, estado_operativo) VALUES (119, 119, 9, 1, 8500, 850.0, 'entregado');
INSERT INTO valoraciones (detalle_pedido_id, cliente_id, calificacion, comentario) VALUES (119, 11, 5, 'Muy profesionales. La atención fue increíble y el día del evento no me preocupé por nada. 100% recomendados.');
INSERT INTO pedidos (id, cliente_id, monto_total, direccion_envio, estado, fecha_creacion) VALUES (120, 7, 8500, 'Domicilio Conocido', 'completado', '2026-05-17 17:18:54.790564');
INSERT INTO detalles_pedido (id, pedido_id, servicio_id, cantidad, precio_unitario_historico, comision_historica, estado_operativo) VALUES (120, 120, 9, 1, 8500, 850.0, 'entregado');
INSERT INTO valoraciones (detalle_pedido_id, cliente_id, calificacion, comentario) VALUES (120, 7, 5, '¡Excelente! Todo llegó a tiempo y la calidad superó mis expectativas. Mis invitados quedaron fascinados.');
INSERT INTO pedidos (id, cliente_id, monto_total, direccion_envio, estado, fecha_creacion) VALUES (121, 9, 8500, 'Domicilio Conocido', 'completado', '2026-06-15 17:18:54.790564');
INSERT INTO detalles_pedido (id, pedido_id, servicio_id, cantidad, precio_unitario_historico, comision_historica, estado_operativo) VALUES (121, 121, 9, 1, 8500, 850.0, 'entregado');
INSERT INTO valoraciones (detalle_pedido_id, cliente_id, calificacion, comentario) VALUES (121, 9, 5, 'Hicieron que nuestro evento fuera inolvidable. Cuidaron cada detalle. ¡Mil gracias!');
INSERT INTO pedidos (id, cliente_id, monto_total, direccion_envio, estado, fecha_creacion) VALUES (122, 8, 1800, 'Domicilio Conocido', 'completado', '2026-05-21 17:18:54.790564');
INSERT INTO detalles_pedido (id, pedido_id, servicio_id, cantidad, precio_unitario_historico, comision_historica, estado_operativo) VALUES (122, 122, 10, 1, 1800, 180.0, 'entregado');
INSERT INTO valoraciones (detalle_pedido_id, cliente_id, calificacion, comentario) VALUES (122, 8, 4, '¡Excelente! Todo llegó a tiempo y la calidad superó mis expectativas. Mis invitados quedaron fascinados.');
INSERT INTO pedidos (id, cliente_id, monto_total, direccion_envio, estado, fecha_creacion) VALUES (123, 12, 1800, 'Domicilio Conocido', 'completado', '2026-05-19 17:18:54.790564');
INSERT INTO detalles_pedido (id, pedido_id, servicio_id, cantidad, precio_unitario_historico, comision_historica, estado_operativo) VALUES (123, 123, 10, 1, 1800, 180.0, 'entregado');
INSERT INTO valoraciones (detalle_pedido_id, cliente_id, calificacion, comentario) VALUES (123, 12, 5, '¡Excelente! Todo llegó a tiempo y la calidad superó mis expectativas. Mis invitados quedaron fascinados.');
INSERT INTO pedidos (id, cliente_id, monto_total, direccion_envio, estado, fecha_creacion) VALUES (124, 11, 1800, 'Domicilio Conocido', 'completado', '2026-05-23 17:18:54.790564');
INSERT INTO detalles_pedido (id, pedido_id, servicio_id, cantidad, precio_unitario_historico, comision_historica, estado_operativo) VALUES (124, 124, 10, 1, 1800, 180.0, 'entregado');
INSERT INTO valoraciones (detalle_pedido_id, cliente_id, calificacion, comentario) VALUES (124, 11, 4, 'Hicieron que nuestro evento fuera inolvidable. Cuidaron cada detalle. ¡Mil gracias!');
INSERT INTO pedidos (id, cliente_id, monto_total, direccion_envio, estado, fecha_creacion) VALUES (125, 10, 6000, 'Domicilio Conocido', 'completado', '2026-05-20 17:18:54.790564');
INSERT INTO detalles_pedido (id, pedido_id, servicio_id, cantidad, precio_unitario_historico, comision_historica, estado_operativo) VALUES (125, 125, 11, 1, 6000, 600.0, 'entregado');
INSERT INTO valoraciones (detalle_pedido_id, cliente_id, calificacion, comentario) VALUES (125, 10, 4, 'Valió cada peso invertido. La puntualidad, la presentación y la amabilidad fueron impecables.');
INSERT INTO pedidos (id, cliente_id, monto_total, direccion_envio, estado, fecha_creacion) VALUES (126, 9, 8500, 'Domicilio Conocido', 'completado', '2026-05-20 17:18:54.790564');
INSERT INTO detalles_pedido (id, pedido_id, servicio_id, cantidad, precio_unitario_historico, comision_historica, estado_operativo) VALUES (126, 126, 12, 1, 8500, 850.0, 'entregado');
INSERT INTO valoraciones (detalle_pedido_id, cliente_id, calificacion, comentario) VALUES (126, 9, 5, 'Hicieron que nuestro evento fuera inolvidable. Cuidaron cada detalle. ¡Mil gracias!');
INSERT INTO pedidos (id, cliente_id, monto_total, direccion_envio, estado, fecha_creacion) VALUES (127, 14, 8500, 'Domicilio Conocido', 'completado', '2026-06-05 17:18:54.790564');
INSERT INTO detalles_pedido (id, pedido_id, servicio_id, cantidad, precio_unitario_historico, comision_historica, estado_operativo) VALUES (127, 127, 12, 1, 8500, 850.0, 'entregado');
INSERT INTO valoraciones (detalle_pedido_id, cliente_id, calificacion, comentario) VALUES (127, 14, 4, 'Valió cada peso invertido. La puntualidad, la presentación y la amabilidad fueron impecables.');
INSERT INTO pedidos (id, cliente_id, monto_total, direccion_envio, estado, fecha_creacion) VALUES (128, 8, 2500, 'Domicilio Conocido', 'completado', '2026-05-25 17:18:54.790564');
INSERT INTO detalles_pedido (id, pedido_id, servicio_id, cantidad, precio_unitario_historico, comision_historica, estado_operativo) VALUES (128, 128, 13, 1, 2500, 250.0, 'entregado');
INSERT INTO valoraciones (detalle_pedido_id, cliente_id, calificacion, comentario) VALUES (128, 8, 5, 'Valió cada peso invertido. La puntualidad, la presentación y la amabilidad fueron impecables.');
INSERT INTO pedidos (id, cliente_id, monto_total, direccion_envio, estado, fecha_creacion) VALUES (129, 16, 2500, 'Domicilio Conocido', 'completado', '2026-06-01 17:18:54.790564');
INSERT INTO detalles_pedido (id, pedido_id, servicio_id, cantidad, precio_unitario_historico, comision_historica, estado_operativo) VALUES (129, 129, 13, 1, 2500, 250.0, 'entregado');
INSERT INTO valoraciones (detalle_pedido_id, cliente_id, calificacion, comentario) VALUES (129, 16, 4, '¡Excelente! Todo llegó a tiempo y la calidad superó mis expectativas. Mis invitados quedaron fascinados.');
INSERT INTO pedidos (id, cliente_id, monto_total, direccion_envio, estado, fecha_creacion) VALUES (130, 12, 3500, 'Domicilio Conocido', 'completado', '2026-05-30 17:18:54.790564');
INSERT INTO detalles_pedido (id, pedido_id, servicio_id, cantidad, precio_unitario_historico, comision_historica, estado_operativo) VALUES (130, 130, 14, 1, 3500, 350.0, 'entregado');
INSERT INTO valoraciones (detalle_pedido_id, cliente_id, calificacion, comentario) VALUES (130, 12, 4, 'Valió cada peso invertido. La puntualidad, la presentación y la amabilidad fueron impecables.');
INSERT INTO pedidos (id, cliente_id, monto_total, direccion_envio, estado, fecha_creacion) VALUES (131, 11, 3500, 'Domicilio Conocido', 'completado', '2026-06-03 17:18:54.790564');
INSERT INTO detalles_pedido (id, pedido_id, servicio_id, cantidad, precio_unitario_historico, comision_historica, estado_operativo) VALUES (131, 131, 14, 1, 3500, 350.0, 'entregado');
INSERT INTO valoraciones (detalle_pedido_id, cliente_id, calificacion, comentario) VALUES (131, 11, 5, 'Valió cada peso invertido. La puntualidad, la presentación y la amabilidad fueron impecables.');
INSERT INTO pedidos (id, cliente_id, monto_total, direccion_envio, estado, fecha_creacion) VALUES (132, 8, 4500, 'Domicilio Conocido', 'completado', '2026-05-18 17:18:54.790564');
INSERT INTO detalles_pedido (id, pedido_id, servicio_id, cantidad, precio_unitario_historico, comision_historica, estado_operativo) VALUES (132, 132, 15, 1, 4500, 450.0, 'entregado');
INSERT INTO valoraciones (detalle_pedido_id, cliente_id, calificacion, comentario) VALUES (132, 8, 4, 'Muy profesionales. La atención fue increíble y el día del evento no me preocupé por nada. 100% recomendados.');
INSERT INTO pedidos (id, cliente_id, monto_total, direccion_envio, estado, fecha_creacion) VALUES (133, 12, 3000, 'Domicilio Conocido', 'completado', '2026-06-01 17:18:54.790564');
INSERT INTO detalles_pedido (id, pedido_id, servicio_id, cantidad, precio_unitario_historico, comision_historica, estado_operativo) VALUES (133, 133, 16, 1, 3000, 300.0, 'entregado');
INSERT INTO valoraciones (detalle_pedido_id, cliente_id, calificacion, comentario) VALUES (133, 12, 4, 'Hicieron que nuestro evento fuera inolvidable. Cuidaron cada detalle. ¡Mil gracias!');
INSERT INTO pedidos (id, cliente_id, monto_total, direccion_envio, estado, fecha_creacion) VALUES (134, 8, 2200, 'Domicilio Conocido', 'completado', '2026-06-06 17:18:54.790564');
INSERT INTO detalles_pedido (id, pedido_id, servicio_id, cantidad, precio_unitario_historico, comision_historica, estado_operativo) VALUES (134, 134, 17, 1, 2200, 220.0, 'entregado');
INSERT INTO valoraciones (detalle_pedido_id, cliente_id, calificacion, comentario) VALUES (134, 8, 5, 'Valió cada peso invertido. La puntualidad, la presentación y la amabilidad fueron impecables.');
INSERT INTO pedidos (id, cliente_id, monto_total, direccion_envio, estado, fecha_creacion) VALUES (135, 9, 2200, 'Domicilio Conocido', 'completado', '2026-05-30 17:18:54.790564');
INSERT INTO detalles_pedido (id, pedido_id, servicio_id, cantidad, precio_unitario_historico, comision_historica, estado_operativo) VALUES (135, 135, 17, 1, 2200, 220.0, 'entregado');
INSERT INTO valoraciones (detalle_pedido_id, cliente_id, calificacion, comentario) VALUES (135, 9, 5, 'Primerísima calidad. Los acabados son hermosos y justo como se veían en las fotos.');
INSERT INTO pedidos (id, cliente_id, monto_total, direccion_envio, estado, fecha_creacion) VALUES (136, 16, 2200, 'Domicilio Conocido', 'completado', '2026-05-24 17:18:54.790564');
INSERT INTO detalles_pedido (id, pedido_id, servicio_id, cantidad, precio_unitario_historico, comision_historica, estado_operativo) VALUES (136, 136, 17, 1, 2200, 220.0, 'entregado');
INSERT INTO valoraciones (detalle_pedido_id, cliente_id, calificacion, comentario) VALUES (136, 16, 5, 'Muy profesionales. La atención fue increíble y el día del evento no me preocupé por nada. 100% recomendados.');
INSERT INTO pedidos (id, cliente_id, monto_total, direccion_envio, estado, fecha_creacion) VALUES (137, 15, 2800, 'Domicilio Conocido', 'completado', '2026-05-23 17:18:54.790564');
INSERT INTO detalles_pedido (id, pedido_id, servicio_id, cantidad, precio_unitario_historico, comision_historica, estado_operativo) VALUES (137, 137, 18, 1, 2800, 280.0, 'entregado');
INSERT INTO valoraciones (detalle_pedido_id, cliente_id, calificacion, comentario) VALUES (137, 15, 5, 'Muy profesionales. La atención fue increíble y el día del evento no me preocupé por nada. 100% recomendados.');
INSERT INTO pedidos (id, cliente_id, monto_total, direccion_envio, estado, fecha_creacion) VALUES (138, 13, 2800, 'Domicilio Conocido', 'completado', '2026-05-25 17:18:54.790564');
INSERT INTO detalles_pedido (id, pedido_id, servicio_id, cantidad, precio_unitario_historico, comision_historica, estado_operativo) VALUES (138, 138, 18, 1, 2800, 280.0, 'entregado');
INSERT INTO valoraciones (detalle_pedido_id, cliente_id, calificacion, comentario) VALUES (138, 13, 5, 'Hicieron que nuestro evento fuera inolvidable. Cuidaron cada detalle. ¡Mil gracias!');
INSERT INTO pedidos (id, cliente_id, monto_total, direccion_envio, estado, fecha_creacion) VALUES (139, 9, 2800, 'Domicilio Conocido', 'completado', '2026-05-31 17:18:54.790564');
INSERT INTO detalles_pedido (id, pedido_id, servicio_id, cantidad, precio_unitario_historico, comision_historica, estado_operativo) VALUES (139, 139, 18, 1, 2800, 280.0, 'entregado');
INSERT INTO valoraciones (detalle_pedido_id, cliente_id, calificacion, comentario) VALUES (139, 9, 4, 'Primerísima calidad. Los acabados son hermosos y justo como se veían en las fotos.');
INSERT INTO pedidos (id, cliente_id, monto_total, direccion_envio, estado, fecha_creacion) VALUES (140, 13, 1500, 'Domicilio Conocido', 'completado', '2026-06-09 17:18:54.790564');
INSERT INTO detalles_pedido (id, pedido_id, servicio_id, cantidad, precio_unitario_historico, comision_historica, estado_operativo) VALUES (140, 140, 19, 1, 1500, 150.0, 'entregado');
INSERT INTO valoraciones (detalle_pedido_id, cliente_id, calificacion, comentario) VALUES (140, 13, 5, 'Hicieron que nuestro evento fuera inolvidable. Cuidaron cada detalle. ¡Mil gracias!');
INSERT INTO pedidos (id, cliente_id, monto_total, direccion_envio, estado, fecha_creacion) VALUES (141, 9, 1500, 'Domicilio Conocido', 'completado', '2026-06-15 17:18:54.790564');
INSERT INTO detalles_pedido (id, pedido_id, servicio_id, cantidad, precio_unitario_historico, comision_historica, estado_operativo) VALUES (141, 141, 19, 1, 1500, 150.0, 'entregado');
INSERT INTO valoraciones (detalle_pedido_id, cliente_id, calificacion, comentario) VALUES (141, 9, 4, '¡Excelente! Todo llegó a tiempo y la calidad superó mis expectativas. Mis invitados quedaron fascinados.');
INSERT INTO pedidos (id, cliente_id, monto_total, direccion_envio, estado, fecha_creacion) VALUES (142, 7, 1800, 'Domicilio Conocido', 'completado', '2026-06-07 17:18:54.790564');
INSERT INTO detalles_pedido (id, pedido_id, servicio_id, cantidad, precio_unitario_historico, comision_historica, estado_operativo) VALUES (142, 142, 20, 1, 1800, 180.0, 'entregado');
INSERT INTO valoraciones (detalle_pedido_id, cliente_id, calificacion, comentario) VALUES (142, 7, 5, 'Valió cada peso invertido. La puntualidad, la presentación y la amabilidad fueron impecables.');
INSERT INTO pedidos (id, cliente_id, monto_total, direccion_envio, estado, fecha_creacion) VALUES (143, 9, 1800, 'Domicilio Conocido', 'completado', '2026-06-13 17:18:54.790564');
INSERT INTO detalles_pedido (id, pedido_id, servicio_id, cantidad, precio_unitario_historico, comision_historica, estado_operativo) VALUES (143, 143, 20, 1, 1800, 180.0, 'entregado');
INSERT INTO valoraciones (detalle_pedido_id, cliente_id, calificacion, comentario) VALUES (143, 9, 4, '¡Excelente! Todo llegó a tiempo y la calidad superó mis expectativas. Mis invitados quedaron fascinados.');
INSERT INTO pedidos (id, cliente_id, monto_total, direccion_envio, estado, fecha_creacion) VALUES (144, 11, 1800, 'Domicilio Conocido', 'completado', '2026-06-15 17:18:54.790564');
INSERT INTO detalles_pedido (id, pedido_id, servicio_id, cantidad, precio_unitario_historico, comision_historica, estado_operativo) VALUES (144, 144, 21, 1, 1800, 180.0, 'entregado');
INSERT INTO valoraciones (detalle_pedido_id, cliente_id, calificacion, comentario) VALUES (144, 11, 4, 'Muy profesionales. La atención fue increíble y el día del evento no me preocupé por nada. 100% recomendados.');
INSERT INTO pedidos (id, cliente_id, monto_total, direccion_envio, estado, fecha_creacion) VALUES (145, 13, 3500, 'Domicilio Conocido', 'completado', '2026-06-01 17:18:54.790564');
INSERT INTO detalles_pedido (id, pedido_id, servicio_id, cantidad, precio_unitario_historico, comision_historica, estado_operativo) VALUES (145, 145, 22, 1, 3500, 350.0, 'entregado');
INSERT INTO valoraciones (detalle_pedido_id, cliente_id, calificacion, comentario) VALUES (145, 13, 4, 'Hicieron que nuestro evento fuera inolvidable. Cuidaron cada detalle. ¡Mil gracias!');
INSERT INTO pedidos (id, cliente_id, monto_total, direccion_envio, estado, fecha_creacion) VALUES (146, 15, 3500, 'Domicilio Conocido', 'completado', '2026-06-03 17:18:54.790564');
INSERT INTO detalles_pedido (id, pedido_id, servicio_id, cantidad, precio_unitario_historico, comision_historica, estado_operativo) VALUES (146, 146, 22, 1, 3500, 350.0, 'entregado');
INSERT INTO valoraciones (detalle_pedido_id, cliente_id, calificacion, comentario) VALUES (146, 15, 4, 'Muy profesionales. La atención fue increíble y el día del evento no me preocupé por nada. 100% recomendados.');
INSERT INTO pedidos (id, cliente_id, monto_total, direccion_envio, estado, fecha_creacion) VALUES (147, 7, 5500, 'Domicilio Conocido', 'completado', '2026-05-22 17:18:54.790564');
INSERT INTO detalles_pedido (id, pedido_id, servicio_id, cantidad, precio_unitario_historico, comision_historica, estado_operativo) VALUES (147, 147, 23, 1, 5500, 550.0, 'entregado');
INSERT INTO valoraciones (detalle_pedido_id, cliente_id, calificacion, comentario) VALUES (147, 7, 5, 'Muy profesionales. La atención fue increíble y el día del evento no me preocupé por nada. 100% recomendados.');
INSERT INTO pedidos (id, cliente_id, monto_total, direccion_envio, estado, fecha_creacion) VALUES (148, 14, 9000, 'Domicilio Conocido', 'completado', '2026-06-03 17:18:54.790564');
INSERT INTO detalles_pedido (id, pedido_id, servicio_id, cantidad, precio_unitario_historico, comision_historica, estado_operativo) VALUES (148, 148, 24, 1, 9000, 900.0, 'entregado');
INSERT INTO valoraciones (detalle_pedido_id, cliente_id, calificacion, comentario) VALUES (148, 14, 4, '¡Excelente! Todo llegó a tiempo y la calidad superó mis expectativas. Mis invitados quedaron fascinados.');
INSERT INTO pedidos (id, cliente_id, monto_total, direccion_envio, estado, fecha_creacion) VALUES (149, 11, 9000, 'Domicilio Conocido', 'completado', '2026-06-14 17:18:54.790564');
INSERT INTO detalles_pedido (id, pedido_id, servicio_id, cantidad, precio_unitario_historico, comision_historica, estado_operativo) VALUES (149, 149, 24, 1, 9000, 900.0, 'entregado');
INSERT INTO valoraciones (detalle_pedido_id, cliente_id, calificacion, comentario) VALUES (149, 11, 5, '¡Excelente! Todo llegó a tiempo y la calidad superó mis expectativas. Mis invitados quedaron fascinados.');
INSERT INTO pedidos (id, cliente_id, monto_total, direccion_envio, estado, fecha_creacion) VALUES (150, 8, 9000, 'Domicilio Conocido', 'completado', '2026-06-15 17:18:54.790564');
INSERT INTO detalles_pedido (id, pedido_id, servicio_id, cantidad, precio_unitario_historico, comision_historica, estado_operativo) VALUES (150, 150, 24, 1, 9000, 900.0, 'entregado');
INSERT INTO valoraciones (detalle_pedido_id, cliente_id, calificacion, comentario) VALUES (150, 8, 4, 'Muy profesionales. La atención fue increíble y el día del evento no me preocupé por nada. 100% recomendados.');
INSERT INTO pedidos (id, cliente_id, monto_total, direccion_envio, estado, fecha_creacion) VALUES (151, 15, 15000, 'Domicilio Conocido', 'completado', '2026-05-30 17:18:54.790564');
INSERT INTO detalles_pedido (id, pedido_id, servicio_id, cantidad, precio_unitario_historico, comision_historica, estado_operativo) VALUES (151, 151, 25, 1, 15000, 1500.0, 'entregado');
INSERT INTO valoraciones (detalle_pedido_id, cliente_id, calificacion, comentario) VALUES (151, 15, 5, '¡Excelente! Todo llegó a tiempo y la calidad superó mis expectativas. Mis invitados quedaron fascinados.');
INSERT INTO pedidos (id, cliente_id, monto_total, direccion_envio, estado, fecha_creacion) VALUES (152, 10, 15000, 'Domicilio Conocido', 'completado', '2026-06-08 17:18:54.790564');
INSERT INTO detalles_pedido (id, pedido_id, servicio_id, cantidad, precio_unitario_historico, comision_historica, estado_operativo) VALUES (152, 152, 25, 1, 15000, 1500.0, 'entregado');
INSERT INTO valoraciones (detalle_pedido_id, cliente_id, calificacion, comentario) VALUES (152, 10, 5, 'Hicieron que nuestro evento fuera inolvidable. Cuidaron cada detalle. ¡Mil gracias!');
INSERT INTO pedidos (id, cliente_id, monto_total, direccion_envio, estado, fecha_creacion) VALUES (153, 15, 3500, 'Domicilio Conocido', 'completado', '2026-06-09 17:18:54.790564');
INSERT INTO detalles_pedido (id, pedido_id, servicio_id, cantidad, precio_unitario_historico, comision_historica, estado_operativo) VALUES (153, 153, 26, 1, 3500, 350.0, 'entregado');
INSERT INTO valoraciones (detalle_pedido_id, cliente_id, calificacion, comentario) VALUES (153, 15, 4, 'Valió cada peso invertido. La puntualidad, la presentación y la amabilidad fueron impecables.');
INSERT INTO pedidos (id, cliente_id, monto_total, direccion_envio, estado, fecha_creacion) VALUES (154, 16, 3500, 'Domicilio Conocido', 'completado', '2026-06-07 17:18:54.790564');
INSERT INTO detalles_pedido (id, pedido_id, servicio_id, cantidad, precio_unitario_historico, comision_historica, estado_operativo) VALUES (154, 154, 26, 1, 3500, 350.0, 'entregado');
INSERT INTO valoraciones (detalle_pedido_id, cliente_id, calificacion, comentario) VALUES (154, 16, 5, 'Primerísima calidad. Los acabados son hermosos y justo como se veían en las fotos.');
INSERT INTO pedidos (id, cliente_id, monto_total, direccion_envio, estado, fecha_creacion) VALUES (155, 7, 3500, 'Domicilio Conocido', 'completado', '2026-06-05 17:18:54.790564');
INSERT INTO detalles_pedido (id, pedido_id, servicio_id, cantidad, precio_unitario_historico, comision_historica, estado_operativo) VALUES (155, 155, 26, 1, 3500, 350.0, 'entregado');
INSERT INTO valoraciones (detalle_pedido_id, cliente_id, calificacion, comentario) VALUES (155, 7, 4, 'Primerísima calidad. Los acabados son hermosos y justo como se veían en las fotos.');
INSERT INTO pedidos (id, cliente_id, monto_total, direccion_envio, estado, fecha_creacion) VALUES (156, 12, 2500, 'Domicilio Conocido', 'completado', '2026-06-03 17:18:54.790564');
INSERT INTO detalles_pedido (id, pedido_id, servicio_id, cantidad, precio_unitario_historico, comision_historica, estado_operativo) VALUES (156, 156, 27, 1, 2500, 250.0, 'entregado');
INSERT INTO valoraciones (detalle_pedido_id, cliente_id, calificacion, comentario) VALUES (156, 12, 5, 'Primerísima calidad. Los acabados son hermosos y justo como se veían en las fotos.');
INSERT INTO pedidos (id, cliente_id, monto_total, direccion_envio, estado, fecha_creacion) VALUES (157, 11, 2500, 'Domicilio Conocido', 'completado', '2026-06-12 17:18:54.790564');
INSERT INTO detalles_pedido (id, pedido_id, servicio_id, cantidad, precio_unitario_historico, comision_historica, estado_operativo) VALUES (157, 157, 27, 1, 2500, 250.0, 'entregado');
INSERT INTO valoraciones (detalle_pedido_id, cliente_id, calificacion, comentario) VALUES (157, 11, 4, 'Primerísima calidad. Los acabados son hermosos y justo como se veían en las fotos.');
INSERT INTO pedidos (id, cliente_id, monto_total, direccion_envio, estado, fecha_creacion) VALUES (158, 16, 2500, 'Domicilio Conocido', 'completado', '2026-05-29 17:18:54.790564');
INSERT INTO detalles_pedido (id, pedido_id, servicio_id, cantidad, precio_unitario_historico, comision_historica, estado_operativo) VALUES (158, 158, 27, 1, 2500, 250.0, 'entregado');
INSERT INTO valoraciones (detalle_pedido_id, cliente_id, calificacion, comentario) VALUES (158, 16, 5, 'Muy profesionales. La atención fue increíble y el día del evento no me preocupé por nada. 100% recomendados.');
INSERT INTO pedidos (id, cliente_id, monto_total, direccion_envio, estado, fecha_creacion) VALUES (159, 16, 1200, 'Domicilio Conocido', 'completado', '2026-05-24 17:18:54.790564');
INSERT INTO detalles_pedido (id, pedido_id, servicio_id, cantidad, precio_unitario_historico, comision_historica, estado_operativo) VALUES (159, 159, 28, 1, 1200, 120.0, 'entregado');
INSERT INTO valoraciones (detalle_pedido_id, cliente_id, calificacion, comentario) VALUES (159, 16, 4, 'Hicieron que nuestro evento fuera inolvidable. Cuidaron cada detalle. ¡Mil gracias!');
INSERT INTO pedidos (id, cliente_id, monto_total, direccion_envio, estado, fecha_creacion) VALUES (160, 7, 1200, 'Domicilio Conocido', 'completado', '2026-06-13 17:18:54.790564');
INSERT INTO detalles_pedido (id, pedido_id, servicio_id, cantidad, precio_unitario_historico, comision_historica, estado_operativo) VALUES (160, 160, 28, 1, 1200, 120.0, 'entregado');
INSERT INTO valoraciones (detalle_pedido_id, cliente_id, calificacion, comentario) VALUES (160, 7, 5, 'Valió cada peso invertido. La puntualidad, la presentación y la amabilidad fueron impecables.');
INSERT INTO pedidos (id, cliente_id, monto_total, direccion_envio, estado, fecha_creacion) VALUES (161, 16, 4500, 'Domicilio Conocido', 'completado', '2026-05-19 17:18:54.790564');
INSERT INTO detalles_pedido (id, pedido_id, servicio_id, cantidad, precio_unitario_historico, comision_historica, estado_operativo) VALUES (161, 161, 29, 1, 4500, 450.0, 'entregado');
INSERT INTO valoraciones (detalle_pedido_id, cliente_id, calificacion, comentario) VALUES (161, 16, 5, '¡Excelente! Todo llegó a tiempo y la calidad superó mis expectativas. Mis invitados quedaron fascinados.');
INSERT INTO pedidos (id, cliente_id, monto_total, direccion_envio, estado, fecha_creacion) VALUES (162, 15, 4500, 'Domicilio Conocido', 'completado', '2026-06-12 17:18:54.790564');
INSERT INTO detalles_pedido (id, pedido_id, servicio_id, cantidad, precio_unitario_historico, comision_historica, estado_operativo) VALUES (162, 162, 29, 1, 4500, 450.0, 'entregado');
INSERT INTO valoraciones (detalle_pedido_id, cliente_id, calificacion, comentario) VALUES (162, 15, 5, 'Hicieron que nuestro evento fuera inolvidable. Cuidaron cada detalle. ¡Mil gracias!');
INSERT INTO pedidos (id, cliente_id, monto_total, direccion_envio, estado, fecha_creacion) VALUES (163, 16, 3800, 'Domicilio Conocido', 'completado', '2026-06-15 17:18:54.790564');
INSERT INTO detalles_pedido (id, pedido_id, servicio_id, cantidad, precio_unitario_historico, comision_historica, estado_operativo) VALUES (163, 163, 30, 1, 3800, 380.0, 'entregado');
INSERT INTO valoraciones (detalle_pedido_id, cliente_id, calificacion, comentario) VALUES (163, 16, 5, '¡Excelente! Todo llegó a tiempo y la calidad superó mis expectativas. Mis invitados quedaron fascinados.');
INSERT INTO pedidos (id, cliente_id, monto_total, direccion_envio, estado, fecha_creacion) VALUES (164, 12, 12500, 'Domicilio Conocido', 'completado', '2026-05-27 17:18:54.790564');
INSERT INTO detalles_pedido (id, pedido_id, servicio_id, cantidad, precio_unitario_historico, comision_historica, estado_operativo) VALUES (164, 164, 31, 1, 12500, 1250.0, 'entregado');
INSERT INTO valoraciones (detalle_pedido_id, cliente_id, calificacion, comentario) VALUES (164, 12, 5, 'Hicieron que nuestro evento fuera inolvidable. Cuidaron cada detalle. ¡Mil gracias!');
INSERT INTO pedidos (id, cliente_id, monto_total, direccion_envio, estado, fecha_creacion) VALUES (165, 16, 4500, 'Domicilio Conocido', 'completado', '2026-05-30 17:18:54.790564');
INSERT INTO detalles_pedido (id, pedido_id, servicio_id, cantidad, precio_unitario_historico, comision_historica, estado_operativo) VALUES (165, 165, 32, 1, 4500, 450.0, 'entregado');
INSERT INTO valoraciones (detalle_pedido_id, cliente_id, calificacion, comentario) VALUES (165, 16, 5, 'Hicieron que nuestro evento fuera inolvidable. Cuidaron cada detalle. ¡Mil gracias!');
INSERT INTO pedidos (id, cliente_id, monto_total, direccion_envio, estado, fecha_creacion) VALUES (166, 10, 4500, 'Domicilio Conocido', 'completado', '2026-06-10 17:18:54.790564');
INSERT INTO detalles_pedido (id, pedido_id, servicio_id, cantidad, precio_unitario_historico, comision_historica, estado_operativo) VALUES (166, 166, 32, 1, 4500, 450.0, 'entregado');
INSERT INTO valoraciones (detalle_pedido_id, cliente_id, calificacion, comentario) VALUES (166, 10, 4, 'Primerísima calidad. Los acabados son hermosos y justo como se veían en las fotos.');
INSERT INTO pedidos (id, cliente_id, monto_total, direccion_envio, estado, fecha_creacion) VALUES (167, 11, 4500, 'Domicilio Conocido', 'completado', '2026-06-15 17:18:54.790564');
INSERT INTO detalles_pedido (id, pedido_id, servicio_id, cantidad, precio_unitario_historico, comision_historica, estado_operativo) VALUES (167, 167, 32, 1, 4500, 450.0, 'entregado');
INSERT INTO valoraciones (detalle_pedido_id, cliente_id, calificacion, comentario) VALUES (167, 11, 5, '¡Excelente! Todo llegó a tiempo y la calidad superó mis expectativas. Mis invitados quedaron fascinados.');
INSERT INTO pedidos (id, cliente_id, monto_total, direccion_envio, estado, fecha_creacion) VALUES (168, 8, 6500, 'Domicilio Conocido', 'completado', '2026-05-30 17:18:54.790564');
INSERT INTO detalles_pedido (id, pedido_id, servicio_id, cantidad, precio_unitario_historico, comision_historica, estado_operativo) VALUES (168, 168, 33, 1, 6500, 650.0, 'entregado');
INSERT INTO valoraciones (detalle_pedido_id, cliente_id, calificacion, comentario) VALUES (168, 8, 4, 'Primerísima calidad. Los acabados son hermosos y justo como se veían en las fotos.');
INSERT INTO pedidos (id, cliente_id, monto_total, direccion_envio, estado, fecha_creacion) VALUES (169, 15, 2500, 'Domicilio Conocido', 'completado', '2026-06-13 17:18:54.790564');
INSERT INTO detalles_pedido (id, pedido_id, servicio_id, cantidad, precio_unitario_historico, comision_historica, estado_operativo) VALUES (169, 169, 34, 1, 2500, 250.0, 'entregado');
INSERT INTO valoraciones (detalle_pedido_id, cliente_id, calificacion, comentario) VALUES (169, 15, 5, 'Primerísima calidad. Los acabados son hermosos y justo como se veían en las fotos.');
INSERT INTO pedidos (id, cliente_id, monto_total, direccion_envio, estado, fecha_creacion) VALUES (170, 14, 2500, 'Domicilio Conocido', 'completado', '2026-06-08 17:18:54.790564');
INSERT INTO detalles_pedido (id, pedido_id, servicio_id, cantidad, precio_unitario_historico, comision_historica, estado_operativo) VALUES (170, 170, 34, 1, 2500, 250.0, 'entregado');
INSERT INTO valoraciones (detalle_pedido_id, cliente_id, calificacion, comentario) VALUES (170, 14, 5, '¡Excelente! Todo llegó a tiempo y la calidad superó mis expectativas. Mis invitados quedaron fascinados.');
INSERT INTO pedidos (id, cliente_id, monto_total, direccion_envio, estado, fecha_creacion) VALUES (171, 10, 2500, 'Domicilio Conocido', 'completado', '2026-05-22 17:18:54.790564');
INSERT INTO detalles_pedido (id, pedido_id, servicio_id, cantidad, precio_unitario_historico, comision_historica, estado_operativo) VALUES (171, 171, 34, 1, 2500, 250.0, 'entregado');
INSERT INTO valoraciones (detalle_pedido_id, cliente_id, calificacion, comentario) VALUES (171, 10, 5, 'Muy profesionales. La atención fue increíble y el día del evento no me preocupé por nada. 100% recomendados.');
INSERT INTO pedidos (id, cliente_id, monto_total, direccion_envio, estado, fecha_creacion) VALUES (172, 10, 3500, 'Domicilio Conocido', 'completado', '2026-06-05 17:18:54.790564');
INSERT INTO detalles_pedido (id, pedido_id, servicio_id, cantidad, precio_unitario_historico, comision_historica, estado_operativo) VALUES (172, 172, 35, 1, 3500, 350.0, 'entregado');
INSERT INTO valoraciones (detalle_pedido_id, cliente_id, calificacion, comentario) VALUES (172, 10, 4, 'Hicieron que nuestro evento fuera inolvidable. Cuidaron cada detalle. ¡Mil gracias!');
INSERT INTO pedidos (id, cliente_id, monto_total, direccion_envio, estado, fecha_creacion) VALUES (173, 12, 4000, 'Domicilio Conocido', 'completado', '2026-05-28 17:18:54.790564');
INSERT INTO detalles_pedido (id, pedido_id, servicio_id, cantidad, precio_unitario_historico, comision_historica, estado_operativo) VALUES (173, 173, 36, 1, 4000, 400.0, 'entregado');
INSERT INTO valoraciones (detalle_pedido_id, cliente_id, calificacion, comentario) VALUES (173, 12, 4, 'Valió cada peso invertido. La puntualidad, la presentación y la amabilidad fueron impecables.');
INSERT INTO pedidos (id, cliente_id, monto_total, direccion_envio, estado, fecha_creacion) VALUES (174, 13, 5500, 'Domicilio Conocido', 'completado', '2026-06-14 17:18:54.790564');
INSERT INTO detalles_pedido (id, pedido_id, servicio_id, cantidad, precio_unitario_historico, comision_historica, estado_operativo) VALUES (174, 174, 37, 1, 5500, 550.0, 'entregado');
INSERT INTO valoraciones (detalle_pedido_id, cliente_id, calificacion, comentario) VALUES (174, 13, 4, 'Hicieron que nuestro evento fuera inolvidable. Cuidaron cada detalle. ¡Mil gracias!');
INSERT INTO pedidos (id, cliente_id, monto_total, direccion_envio, estado, fecha_creacion) VALUES (175, 9, 5500, 'Domicilio Conocido', 'completado', '2026-06-12 17:18:54.790564');
INSERT INTO detalles_pedido (id, pedido_id, servicio_id, cantidad, precio_unitario_historico, comision_historica, estado_operativo) VALUES (175, 175, 37, 1, 5500, 550.0, 'entregado');
INSERT INTO valoraciones (detalle_pedido_id, cliente_id, calificacion, comentario) VALUES (175, 9, 5, 'Valió cada peso invertido. La puntualidad, la presentación y la amabilidad fueron impecables.');
INSERT INTO pedidos (id, cliente_id, monto_total, direccion_envio, estado, fecha_creacion) VALUES (176, 8, 3000, 'Domicilio Conocido', 'completado', '2026-05-31 17:18:54.790564');
INSERT INTO detalles_pedido (id, pedido_id, servicio_id, cantidad, precio_unitario_historico, comision_historica, estado_operativo) VALUES (176, 176, 38, 1, 3000, 300.0, 'entregado');
INSERT INTO valoraciones (detalle_pedido_id, cliente_id, calificacion, comentario) VALUES (176, 8, 5, 'Hicieron que nuestro evento fuera inolvidable. Cuidaron cada detalle. ¡Mil gracias!');
INSERT INTO pedidos (id, cliente_id, monto_total, direccion_envio, estado, fecha_creacion) VALUES (177, 9, 3000, 'Domicilio Conocido', 'completado', '2026-06-07 17:18:54.790564');
INSERT INTO detalles_pedido (id, pedido_id, servicio_id, cantidad, precio_unitario_historico, comision_historica, estado_operativo) VALUES (177, 177, 38, 1, 3000, 300.0, 'entregado');
INSERT INTO valoraciones (detalle_pedido_id, cliente_id, calificacion, comentario) VALUES (177, 9, 5, 'Primerísima calidad. Los acabados son hermosos y justo como se veían en las fotos.');
INSERT INTO pedidos (id, cliente_id, monto_total, direccion_envio, estado, fecha_creacion) VALUES (178, 11, 3000, 'Domicilio Conocido', 'completado', '2026-06-02 17:18:54.790564');
INSERT INTO detalles_pedido (id, pedido_id, servicio_id, cantidad, precio_unitario_historico, comision_historica, estado_operativo) VALUES (178, 178, 38, 1, 3000, 300.0, 'entregado');
INSERT INTO valoraciones (detalle_pedido_id, cliente_id, calificacion, comentario) VALUES (178, 11, 5, '¡Excelente! Todo llegó a tiempo y la calidad superó mis expectativas. Mis invitados quedaron fascinados.');
INSERT INTO pedidos (id, cliente_id, monto_total, direccion_envio, estado, fecha_creacion) VALUES (179, 12, 2000, 'Domicilio Conocido', 'completado', '2026-06-01 17:18:54.790564');
INSERT INTO detalles_pedido (id, pedido_id, servicio_id, cantidad, precio_unitario_historico, comision_historica, estado_operativo) VALUES (179, 179, 39, 1, 2000, 200.0, 'entregado');
INSERT INTO valoraciones (detalle_pedido_id, cliente_id, calificacion, comentario) VALUES (179, 12, 4, 'Muy profesionales. La atención fue increíble y el día del evento no me preocupé por nada. 100% recomendados.');
INSERT INTO pedidos (id, cliente_id, monto_total, direccion_envio, estado, fecha_creacion) VALUES (180, 13, 8500, 'Domicilio Conocido', 'completado', '2026-06-01 17:18:54.790564');
INSERT INTO detalles_pedido (id, pedido_id, servicio_id, cantidad, precio_unitario_historico, comision_historica, estado_operativo) VALUES (180, 180, 40, 1, 8500, 850.0, 'entregado');
INSERT INTO valoraciones (detalle_pedido_id, cliente_id, calificacion, comentario) VALUES (180, 13, 5, '¡Excelente! Todo llegó a tiempo y la calidad superó mis expectativas. Mis invitados quedaron fascinados.');
INSERT INTO pedidos (id, cliente_id, monto_total, direccion_envio, estado, fecha_creacion) VALUES (181, 16, 8500, 'Domicilio Conocido', 'completado', '2026-06-05 17:18:54.790564');
INSERT INTO detalles_pedido (id, pedido_id, servicio_id, cantidad, precio_unitario_historico, comision_historica, estado_operativo) VALUES (181, 181, 40, 1, 8500, 850.0, 'entregado');
INSERT INTO valoraciones (detalle_pedido_id, cliente_id, calificacion, comentario) VALUES (181, 16, 5, 'Valió cada peso invertido. La puntualidad, la presentación y la amabilidad fueron impecables.');
INSERT INTO pedidos (id, cliente_id, monto_total, direccion_envio, estado, fecha_creacion) VALUES (182, 8, 15000, 'Domicilio Conocido', 'completado', '2026-06-14 17:18:54.790564');
INSERT INTO detalles_pedido (id, pedido_id, servicio_id, cantidad, precio_unitario_historico, comision_historica, estado_operativo) VALUES (182, 182, 41, 1, 15000, 1500.0, 'entregado');
INSERT INTO valoraciones (detalle_pedido_id, cliente_id, calificacion, comentario) VALUES (182, 8, 4, 'Muy profesionales. La atención fue increíble y el día del evento no me preocupé por nada. 100% recomendados.');
INSERT INTO pedidos (id, cliente_id, monto_total, direccion_envio, estado, fecha_creacion) VALUES (183, 11, 15000, 'Domicilio Conocido', 'completado', '2026-06-11 17:18:54.790564');
INSERT INTO detalles_pedido (id, pedido_id, servicio_id, cantidad, precio_unitario_historico, comision_historica, estado_operativo) VALUES (183, 183, 41, 1, 15000, 1500.0, 'entregado');
INSERT INTO valoraciones (detalle_pedido_id, cliente_id, calificacion, comentario) VALUES (183, 11, 4, 'Valió cada peso invertido. La puntualidad, la presentación y la amabilidad fueron impecables.');
INSERT INTO pedidos (id, cliente_id, monto_total, direccion_envio, estado, fecha_creacion) VALUES (184, 14, 18000, 'Domicilio Conocido', 'completado', '2026-05-22 17:18:54.790564');
INSERT INTO detalles_pedido (id, pedido_id, servicio_id, cantidad, precio_unitario_historico, comision_historica, estado_operativo) VALUES (184, 184, 42, 1, 18000, 1800.0, 'entregado');
INSERT INTO valoraciones (detalle_pedido_id, cliente_id, calificacion, comentario) VALUES (184, 14, 4, 'Muy profesionales. La atención fue increíble y el día del evento no me preocupé por nada. 100% recomendados.');
INSERT INTO pedidos (id, cliente_id, monto_total, direccion_envio, estado, fecha_creacion) VALUES (185, 7, 6000, 'Domicilio Conocido', 'completado', '2026-05-28 17:18:54.790564');
INSERT INTO detalles_pedido (id, pedido_id, servicio_id, cantidad, precio_unitario_historico, comision_historica, estado_operativo) VALUES (185, 185, 43, 1, 6000, 600.0, 'entregado');
INSERT INTO valoraciones (detalle_pedido_id, cliente_id, calificacion, comentario) VALUES (185, 7, 4, 'Hicieron que nuestro evento fuera inolvidable. Cuidaron cada detalle. ¡Mil gracias!');
INSERT INTO pedidos (id, cliente_id, monto_total, direccion_envio, estado, fecha_creacion) VALUES (186, 14, 6000, 'Domicilio Conocido', 'completado', '2026-06-04 17:18:54.790564');
INSERT INTO detalles_pedido (id, pedido_id, servicio_id, cantidad, precio_unitario_historico, comision_historica, estado_operativo) VALUES (186, 186, 43, 1, 6000, 600.0, 'entregado');
INSERT INTO valoraciones (detalle_pedido_id, cliente_id, calificacion, comentario) VALUES (186, 14, 4, 'Muy profesionales. La atención fue increíble y el día del evento no me preocupé por nada. 100% recomendados.');
INSERT INTO pedidos (id, cliente_id, monto_total, direccion_envio, estado, fecha_creacion) VALUES (187, 8, 800, 'Domicilio Conocido', 'completado', '2026-06-12 17:18:54.790564');
INSERT INTO detalles_pedido (id, pedido_id, servicio_id, cantidad, precio_unitario_historico, comision_historica, estado_operativo) VALUES (187, 187, 44, 1, 800, 80.0, 'entregado');
INSERT INTO valoraciones (detalle_pedido_id, cliente_id, calificacion, comentario) VALUES (187, 8, 5, 'Primerísima calidad. Los acabados son hermosos y justo como se veían en las fotos.');
INSERT INTO pedidos (id, cliente_id, monto_total, direccion_envio, estado, fecha_creacion) VALUES (188, 15, 800, 'Domicilio Conocido', 'completado', '2026-05-29 17:18:54.790564');
INSERT INTO detalles_pedido (id, pedido_id, servicio_id, cantidad, precio_unitario_historico, comision_historica, estado_operativo) VALUES (188, 188, 44, 1, 800, 80.0, 'entregado');
INSERT INTO valoraciones (detalle_pedido_id, cliente_id, calificacion, comentario) VALUES (188, 15, 4, 'Muy profesionales. La atención fue increíble y el día del evento no me preocupé por nada. 100% recomendados.');
INSERT INTO pedidos (id, cliente_id, monto_total, direccion_envio, estado, fecha_creacion) VALUES (189, 13, 800, 'Domicilio Conocido', 'completado', '2026-05-17 17:18:54.790564');
INSERT INTO detalles_pedido (id, pedido_id, servicio_id, cantidad, precio_unitario_historico, comision_historica, estado_operativo) VALUES (189, 189, 44, 1, 800, 80.0, 'entregado');
INSERT INTO valoraciones (detalle_pedido_id, cliente_id, calificacion, comentario) VALUES (189, 13, 4, '¡Excelente! Todo llegó a tiempo y la calidad superó mis expectativas. Mis invitados quedaron fascinados.');
INSERT INTO pedidos (id, cliente_id, monto_total, direccion_envio, estado, fecha_creacion) VALUES (190, 16, 1200, 'Domicilio Conocido', 'completado', '2026-06-05 17:18:54.790564');
INSERT INTO detalles_pedido (id, pedido_id, servicio_id, cantidad, precio_unitario_historico, comision_historica, estado_operativo) VALUES (190, 190, 45, 1, 1200, 120.0, 'entregado');
INSERT INTO valoraciones (detalle_pedido_id, cliente_id, calificacion, comentario) VALUES (190, 16, 5, '¡Excelente! Todo llegó a tiempo y la calidad superó mis expectativas. Mis invitados quedaron fascinados.');
INSERT INTO pedidos (id, cliente_id, monto_total, direccion_envio, estado, fecha_creacion) VALUES (191, 9, 300, 'Domicilio Conocido', 'completado', '2026-05-21 17:18:54.790564');
INSERT INTO detalles_pedido (id, pedido_id, servicio_id, cantidad, precio_unitario_historico, comision_historica, estado_operativo) VALUES (191, 191, 46, 1, 300, 30.0, 'entregado');
INSERT INTO valoraciones (detalle_pedido_id, cliente_id, calificacion, comentario) VALUES (191, 9, 5, '¡Excelente! Todo llegó a tiempo y la calidad superó mis expectativas. Mis invitados quedaron fascinados.');
INSERT INTO pedidos (id, cliente_id, monto_total, direccion_envio, estado, fecha_creacion) VALUES (192, 12, 250, 'Domicilio Conocido', 'completado', '2026-05-17 17:18:54.790564');
INSERT INTO detalles_pedido (id, pedido_id, servicio_id, cantidad, precio_unitario_historico, comision_historica, estado_operativo) VALUES (192, 192, 47, 1, 250, 25.0, 'entregado');
INSERT INTO valoraciones (detalle_pedido_id, cliente_id, calificacion, comentario) VALUES (192, 12, 4, 'Primerísima calidad. Los acabados son hermosos y justo como se veían en las fotos.');
INSERT INTO pedidos (id, cliente_id, monto_total, direccion_envio, estado, fecha_creacion) VALUES (193, 13, 250, 'Domicilio Conocido', 'completado', '2026-05-30 17:18:54.790564');
INSERT INTO detalles_pedido (id, pedido_id, servicio_id, cantidad, precio_unitario_historico, comision_historica, estado_operativo) VALUES (193, 193, 47, 1, 250, 25.0, 'entregado');
INSERT INTO valoraciones (detalle_pedido_id, cliente_id, calificacion, comentario) VALUES (193, 13, 5, 'Hicieron que nuestro evento fuera inolvidable. Cuidaron cada detalle. ¡Mil gracias!');
INSERT INTO pedidos (id, cliente_id, monto_total, direccion_envio, estado, fecha_creacion) VALUES (194, 7, 250, 'Domicilio Conocido', 'completado', '2026-06-02 17:18:54.790564');
INSERT INTO detalles_pedido (id, pedido_id, servicio_id, cantidad, precio_unitario_historico, comision_historica, estado_operativo) VALUES (194, 194, 47, 1, 250, 25.0, 'entregado');
INSERT INTO valoraciones (detalle_pedido_id, cliente_id, calificacion, comentario) VALUES (194, 7, 5, 'Valió cada peso invertido. La puntualidad, la presentación y la amabilidad fueron impecables.');
INSERT INTO pedidos (id, cliente_id, monto_total, direccion_envio, estado, fecha_creacion) VALUES (195, 16, 800, 'Domicilio Conocido', 'completado', '2026-05-26 17:18:54.790564');
INSERT INTO detalles_pedido (id, pedido_id, servicio_id, cantidad, precio_unitario_historico, comision_historica, estado_operativo) VALUES (195, 195, 48, 1, 800, 80.0, 'entregado');
INSERT INTO valoraciones (detalle_pedido_id, cliente_id, calificacion, comentario) VALUES (195, 16, 5, 'Muy profesionales. La atención fue increíble y el día del evento no me preocupé por nada. 100% recomendados.');
INSERT INTO pedidos (id, cliente_id, monto_total, direccion_envio, estado, fecha_creacion) VALUES (196, 7, 1500, 'Domicilio Conocido', 'completado', '2026-06-07 17:18:54.790564');
INSERT INTO detalles_pedido (id, pedido_id, servicio_id, cantidad, precio_unitario_historico, comision_historica, estado_operativo) VALUES (196, 196, 49, 1, 1500, 150.0, 'entregado');
INSERT INTO valoraciones (detalle_pedido_id, cliente_id, calificacion, comentario) VALUES (196, 7, 4, 'Muy profesionales. La atención fue increíble y el día del evento no me preocupé por nada. 100% recomendados.');
INSERT INTO pedidos (id, cliente_id, monto_total, direccion_envio, estado, fecha_creacion) VALUES (197, 12, 1500, 'Domicilio Conocido', 'completado', '2026-06-12 17:18:54.790564');
INSERT INTO detalles_pedido (id, pedido_id, servicio_id, cantidad, precio_unitario_historico, comision_historica, estado_operativo) VALUES (197, 197, 49, 1, 1500, 150.0, 'entregado');
INSERT INTO valoraciones (detalle_pedido_id, cliente_id, calificacion, comentario) VALUES (197, 12, 4, 'Muy profesionales. La atención fue increíble y el día del evento no me preocupé por nada. 100% recomendados.');
INSERT INTO pedidos (id, cliente_id, monto_total, direccion_envio, estado, fecha_creacion) VALUES (198, 14, 1500, 'Domicilio Conocido', 'completado', '2026-06-09 17:18:54.790564');
INSERT INTO detalles_pedido (id, pedido_id, servicio_id, cantidad, precio_unitario_historico, comision_historica, estado_operativo) VALUES (198, 198, 49, 1, 1500, 150.0, 'entregado');
INSERT INTO valoraciones (detalle_pedido_id, cliente_id, calificacion, comentario) VALUES (198, 14, 4, 'Valió cada peso invertido. La puntualidad, la presentación y la amabilidad fueron impecables.');
INSERT INTO pedidos (id, cliente_id, monto_total, direccion_envio, estado, fecha_creacion) VALUES (199, 12, 3500, 'Domicilio Conocido', 'completado', '2026-05-17 17:18:54.790564');
INSERT INTO detalles_pedido (id, pedido_id, servicio_id, cantidad, precio_unitario_historico, comision_historica, estado_operativo) VALUES (199, 199, 50, 1, 3500, 350.0, 'entregado');
INSERT INTO valoraciones (detalle_pedido_id, cliente_id, calificacion, comentario) VALUES (199, 12, 5, 'Valió cada peso invertido. La puntualidad, la presentación y la amabilidad fueron impecables.');
INSERT INTO pedidos (id, cliente_id, monto_total, direccion_envio, estado, fecha_creacion) VALUES (200, 7, 3500, 'Domicilio Conocido', 'completado', '2026-06-02 17:18:54.790564');
INSERT INTO detalles_pedido (id, pedido_id, servicio_id, cantidad, precio_unitario_historico, comision_historica, estado_operativo) VALUES (200, 200, 50, 1, 3500, 350.0, 'entregado');
INSERT INTO valoraciones (detalle_pedido_id, cliente_id, calificacion, comentario) VALUES (200, 7, 5, '¡Excelente! Todo llegó a tiempo y la calidad superó mis expectativas. Mis invitados quedaron fascinados.');
INSERT INTO pedidos (id, cliente_id, monto_total, direccion_envio, estado, fecha_creacion) VALUES (201, 11, 3500, 'Domicilio Conocido', 'completado', '2026-05-21 17:18:54.790564');
INSERT INTO detalles_pedido (id, pedido_id, servicio_id, cantidad, precio_unitario_historico, comision_historica, estado_operativo) VALUES (201, 201, 50, 1, 3500, 350.0, 'entregado');
INSERT INTO valoraciones (detalle_pedido_id, cliente_id, calificacion, comentario) VALUES (201, 11, 5, 'Primerísima calidad. Los acabados son hermosos y justo como se veían en las fotos.');
COMMIT;

UPDATE billeteras SET saldo_actual = 114120.0, total_ganado = 114120.0 WHERE proveedor_id = 2;
UPDATE billeteras SET saldo_actual = 122220.0, total_ganado = 122220.0 WHERE proveedor_id = 3;
UPDATE billeteras SET saldo_actual = 55665.0, total_ganado = 55665.0 WHERE proveedor_id = 4;
UPDATE billeteras SET saldo_actual = 99432.0, total_ganado = 99432.0 WHERE proveedor_id = 5;
UPDATE billeteras SET saldo_actual = 81405.0, total_ganado = 81405.0 WHERE proveedor_id = 6;
COMMIT;
SET FOREIGN_KEY_CHECKS = 1;
SET autocommit = 1;
